Maryellen Howes,490553072,mhowes0@state.tx.us,3473934.03,967780633,9664,Branch F
Torey Eleshenar,334624227,teleshenar1@imageshack.us,2044770.17,862069550,2981,Branch F
Alford Rutty,697897286,arutty2@shareasale.com,3615524.15,936999258,3195,Branch J
Heda Bello,472484126,hbello3@meetup.com,2707052.56,442617833,9303,Branch A
Vanda Mingaye,545044398,vmingaye4@com.com,800648.59,814096179,16,Branch D
Hagan Cobleigh,185968667,hcobleigh5@mapquest.com,3214802.08,840728277,5038,Branch F
Gerek Hackworth,821548832,ghackworth6@1688.com,1911428.41,253091726,3961,Branch B
Isidora Olkowicz,224520019,iolkowicz7@51.la,1000.00,428199613,3472,Branch C
Leigh Ballsdon,154079422,lballsdon8@ebay.com,4343797.61,391498231,3750,Branch E
Leilah Cottey,563668550,lcottey9@independent.co.uk,904532.82,5606242,2366,Branch A
Quinn Roderigo,684531045,qroderigoa@themeforest.net,4601909.74,641857467,2956,Branch A
Nyssa Rusling,605413500,nruslingb@homestead.com,1507075.05,943161078,5866,Branch C
Chaunce Swayne,907718241,cswaynec@wikimedia.org,3939056.65,998561266,5727,Branch D
Joann Payler,118019213,jpaylerd@cnet.com,4486890.63,413617075,3740,Branch G
Dorree McKie,706049961,dmckiee@marriott.com,2139292.35,186569098,2150,Branch I
Sibby Janauschek,306558809,sjanauschekf@tamu.edu,1740758.41,321767268,7649,Branch I
Ricky Guilford,928053835,rguilfordg@springer.com,4482978.76,303296376,1004,Branch C
Bertine Caillou,588798405,bcaillouh@chronoengine.com,133606.54,509759019,8765,Branch E
Davine Theaker,539868231,dtheakeri@nifty.com,4107682.03,147910466,5566,Branch F
Shantee MacFadin,863554560,smacfadinj@webs.com,2840169.94,255722608,7620,Branch I
Godiva Hassan,822239861,ghassank@twitter.com,2388459.8,119661977,1325,Branch B
Joshuah Jessett,136843199,jjessettl@economist.com,906555.87,283917877,5462,Branch E
Patrice Feldmann,226833687,pfeldmannm@mayoclinic.com,1935646.73,100266136,301,Branch E
Dita Noar,735361793,dnoarn@wordpress.org,1972271.23,61993676,392,Branch E
Maggee Meas,295741994,mmeaso@dropbox.com,3968389.27,991900276,8041,Branch D
Charmine Najera,174110565,cnajerap@java.com,2040744.07,966557424,9436,Branch E
Linn Flobert,722797866,lflobertq@sun.com,3463213.95,928837002,3303,Branch F
Tam Dansken,9074772,tdanskenr@google.pl,1257623.32,628411962,1012,Branch F
Cloris Hartnup,700015249,chartnups@sbwire.com,2406094.12,756868524,5844,Branch A
Teri Colliard,714672068,tcolliardt@amazon.co.jp,296707.27,68929524,8471,Branch B
Lenore Ciepluch,935943866,lciepluchu@army.mil,577557.99,488453867,5305,Branch E
Carlina Sommer,98534343,csommerv@i2i.jp,4241016.61,343134142,3485,Branch G
Ginny Moores,173750704,gmooresw@tmall.com,4437847.17,844667966,1734,Branch J
Bertina O'Hagirtie,579467058,bohagirtiex@livejournal.com,2720684.29,996322028,7326,Branch F
Boyd Pattenden,653751840,bpattendeny@flickr.com,4036486.6,44277847,9066,Branch D
Aube Towhey,153595007,atowheyz@scientificamerican.com,932233.93,934495209,3370,Branch A
Sal Munn,609868584,smunn10@plala.or.jp,3665076.33,453750860,9504,Branch C
Liza Newall,595657628,lnewall11@hostgator.com,4396793.4,660975860,3068,Branch A
Duke Bartak,269502345,dbartak12@discuz.net,4321915.74,10078693,2247,Branch F
Lyell Shewan,22093475,lshewan13@netvibes.com,4781134.58,580158062,2650,Branch J
Raviv Lorenzetti,678703722,rlorenzetti14@ifeng.com,589178.74,252590594,7641,Branch C
Ax Tieman,262449144,atieman15@dailymotion.com,2078299.24,808300280,9824,Branch G
Carling Westmerland,552254050,cwestmerland16@ted.com,3305323.25,317377434,1744,Branch J
Grant Amaya,716213324,gamaya17@aboutads.info,2001169.31,181750730,4832,Branch I
Charla Paeckmeyer,239892606,cpaeckmeyer18@sogou.com,2289934.4,583101324,3497,Branch B
Olimpia Oliffe,158769766,ooliffe19@issuu.com,4308597.41,552457599,7066,Branch I
Lorianne Jado,203756549,ljado1a@symantec.com,2171352.33,480939096,574,Branch J
Gibbie Shreve,767069617,gshreve1b@aol.com,4863066.92,320289035,8309,Branch G
Etienne Frankcom,58011914,efrankcom1c@merriam-webster.com,3210482.29,424251417,5136,Branch H
Prisca Greet,490765401,pgreet1d@blogger.com,672165.73,480947336,797,Branch D
Jessie Ritchley,539051077,jritchley1e@phpbb.com,4119588.94,995316899,8289,Branch B
Tanhya Broxis,633588985,tbroxis1f@imgur.com,2189083.97,28044625,9499,Branch H
Ilse Barens,680879359,ibarens1g@tinyurl.com,2859678.91,825495421,287,Branch H
Sharon Carthew,825022942,scarthew1h@github.io,863818.33,661359561,521,Branch A
Roselle Runcieman,179467597,rruncieman1i@4shared.com,1545376.01,70316959,4610,Branch D
Leigh Rentalll,876404719,lrentalll1j@yellowbook.com,4130383.34,195734154,6371,Branch I
Germain Mordacai,834392806,gmordacai1k@typepad.com,1508714.87,272747993,9499,Branch D
Claudius Bottell,31802871,cbottell1l@addtoany.com,1999540.72,672203526,70,Branch B
Antonio Shawyer,914838381,ashawyer1m@chicagotribune.com,1992811.76,47063873,9197,Branch G
Banky Curds,283081962,bcurds1n@meetup.com,2628225.65,464122814,5500,Branch B
Hube Pepis,520228448,hpepis1o@nsw.gov.au,2969412.92,493994619,6489,Branch F
Kele Proudman,734910088,kproudman1p@reverbnation.com,1637428.2,392259525,4686,Branch I
Randi Oleksinski,752950910,roleksinski1q@bigcartel.com,534373.59,553650044,1343,Branch F
Ag Wychard,52317875,awychard1r@weebly.com,19309.85,20339858,7344,Branch G
Rodrick Skillicorn,388303027,rskillicorn1s@free.fr,3028861.93,110939677,3424,Branch D
Peadar Phonix,836565739,pphonix1t@is.gd,3591157.48,995649090,1281,Branch E
Eldredge Aspinwall,466607243,easpinwall1u@howstuffworks.com,4760980.29,641255134,2515,Branch B
Weylin Hall-Gough,511562984,whallgough1v@noaa.gov,3829255.35,946196977,6566,Branch C
Jules Leigh,435140637,jleigh1w@china.com.cn,918056.07,553682892,9717,Branch H
Astrid Maybey,964582009,amaybey1x@msu.edu,2637943.86,329350266,7904,Branch D
Jack Banishevitz,343535306,jbanishevitz1y@barnesandnoble.com,3230516.66,199729692,4064,Branch I
Tabbi Ellesworth,671007622,tellesworth1z@un.org,1260463.52,480167765,8000,Branch C
Gregor Yare,411626789,gyare20@deviantart.com,1273150.27,718001995,6097,Branch B
Jayson Roadnight,834733865,jroadnight21@prweb.com,4036332.46,150430429,808,Branch B
Alana Culverhouse,849434925,aculverhouse22@deliciousdays.com,1607720.78,744162446,1453,Branch D
Ware Petrasso,925327485,wpetrasso23@indiatimes.com,1580978.08,562127027,9259,Branch C
Gayleen Mattam,968624800,gmattam24@paginegialle.it,1951057.52,290326391,5286,Branch D
Stevena Pyffe,226790741,spyffe25@typepad.com,3325779.66,924577004,637,Branch J
Ameline Callendar,542797110,acallendar26@biblegateway.com,60807.97,55064418,6479,Branch C
Cordelia Bulbeck,445520943,cbulbeck27@macromedia.com,4878870.62,77160251,346,Branch D
Arvy Gwinnel,869237310,agwinnel28@zimbio.com,3130784.08,110781294,8752,Branch I
Marv Bartosek,828669092,mbartosek29@smugmug.com,205992.46,948949623,9116,Branch H
Darn Abdee,734722546,dabdee2a@acquirethisname.com,4367004.35,184283069,4476,Branch H
Randie Jeacop,596711773,rjeacop2b@chicagotribune.com,2024675.08,106754311,3381,Branch I
Ajay Smowton,100678626,asmowton2c@nsw.gov.au,3088615.81,641862478,5688,Branch B
Melisandra Goncaves,813948940,mgoncaves2d@kickstarter.com,862327.72,237954934,7761,Branch C
Celisse Goldes,722804062,cgoldes2e@ustream.tv,3967880.5,774932720,9829,Branch D
Clemmy Flewan,425614289,cflewan2f@free.fr,3766553.08,371919487,8281,Branch C
Sargent Fowells,445347125,sfowells2g@discovery.com,2997779.4,164242238,229,Branch E
Rocky Wheble,228782631,rwheble2h@elegantthemes.com,4271082.19,85684421,470,Branch B
Mike Duffit,286240194,mduffit2i@flickr.com,3010521.92,540476154,9249,Branch A
Emelen Jelks,54492128,ejelks2j@kickstarter.com,2400471.74,427797249,3302,Branch I
Ruperto MacMeanma,829558775,rmacmeanma2k@macromedia.com,2433566.54,10340076,8072,Branch D
Melissa Cancellieri,567868628,mcancellieri2l@yale.edu,2360195.96,982763588,430,Branch G
Freida Ghion,541572948,fghion2m@mayoclinic.com,4714350.22,372361539,7015,Branch H
Graeme Matteoni,55054103,gmatteoni2n@sourceforge.net,2567994.23,205805156,3303,Branch J
Eli Penson,76110398,epenson2o@ebay.com,1294219.1,203119147,8166,Branch E
Jessey Daw,845929416,jdaw2p@abc.net.au,2392146.17,451408002,3591,Branch E
Colby Lehrian,525305904,clehrian2q@columbia.edu,4982977.68,369096237,130,Branch I
Robina Russell,59842260,rrussell2r@pagesperso-orange.fr,3130814.4,878378313,6394,Branch E
Theressa Chapelhow,483548574,tchapelhow2s@smh.com.au,4701479.49,729470329,23,Branch B
Dorie Gwilym,28075098,dgwilym2t@mozilla.org,599479.59,937642693,1613,Branch F
Salli O'Curran,302273579,socurran2u@indiatimes.com,4281242.72,657746526,2121,Branch I
Spence Rawlence,821279488,srawlence2v@army.mil,2526882.86,446657505,405,Branch D
Trisha McClymond,76018284,tmcclymond2w@blogspot.com,3508592.83,719269675,7943,Branch I
Westbrook MacNockater,416569777,wmacnockater2x@dropbox.com,2705668.61,519303775,7460,Branch A
Carolan Labbett,588863117,clabbett2y@psu.edu,4501591.31,908525684,5496,Branch B
Amandie Silman,3167766,asilman2z@amazon.co.jp,4693533.94,405087274,6319,Branch E
Rosanne Pond,920903971,rpond30@bandcamp.com,1889972.09,177053104,5224,Branch I
Felipe Gantz,50758271,fgantz31@example.com,732933.48,428288249,4618,Branch H
Rosaleen Schoffel,174547111,rschoffel32@goo.gl,3590231.8,842513386,9633,Branch H
Maire Heggadon,703294351,mheggadon33@mit.edu,472860.49,336132580,7614,Branch A
Steven Obee,21293993,sobee34@mayoclinic.com,3581689.68,208190765,7626,Branch A
Loraine Eisikowitz,691200660,leisikowitz35@discuz.net,957604.5,270637189,3767,Branch I
Anna-diane Vowells,116487465,avowells36@reverbnation.com,136624.03,794774366,5754,Branch I
Hogan Kegley,901029038,hkegley37@pcworld.com,1044779.92,255495253,3156,Branch C
Judas Kurth,579826181,jkurth38@mayoclinic.com,2262369.73,229432192,805,Branch B
Phaedra Maiklem,726924557,pmaiklem39@sphinn.com,2877360.73,940740955,4709,Branch I
Darnall Taillant,772779295,dtaillant3a@archive.org,513251.79,265020653,4440,Branch B
Shannon Vanderson,207815686,svanderson3b@digg.com,4984398.19,742098772,8963,Branch F
Vyky Bolf,4491459,vbolf3c@4shared.com,1529047.2,913682353,7239,Branch G
Tracie Philliphs,901342101,tphilliphs3d@live.com,1182391.2,903786979,6211,Branch B
Petunia Ashmore,309071742,pashmore3e@mlb.com,213984.4,944346003,401,Branch E
Lyndsey Dodgshon,269593476,ldodgshon3f@angelfire.com,1486380.48,589663451,2629,Branch A
Pamela Gagg,826024984,pgagg3g@youtu.be,882829.59,238729543,3043,Branch A
Bernadine Jollands,300155689,bjollands3h@sphinn.com,4309572.06,113043105,52,Branch D
Odell Grzelewski,660326512,ogrzelewski3i@cnbc.com,2233715.51,831045937,5919,Branch H
Byrle Knath,45002074,bknath3j@uiuc.edu,2020863.44,672980837,4717,Branch F
Phaidra Gercke,342793731,pgercke3k@behance.net,3005628.82,202282643,6500,Branch I
Deane Wheelhouse,447648400,dwheelhouse3l@ca.gov,724686.79,32229134,5868,Branch I
Malynda Latham,38580591,mlatham3m@vistaprint.com,2205867.46,914522922,7709,Branch C
Lynelle Vicary,796754293,lvicary3n@comsenz.com,4931781.27,394106462,7264,Branch C
Franchot Iacobo,515471110,fiacobo3o@paginegialle.it,3172844.61,292219109,6357,Branch I
Gabi Terne,338167385,gterne3p@nyu.edu,1180929.2,987939717,9551,Branch A
Austine Richards,714675450,arichards3q@constantcontact.com,2824901.8,266532952,4558,Branch J
Jacobo Laurentin,174640621,jlaurentin3r@epa.gov,1609340.03,126750817,8372,Branch C
Deb Penner,523028440,dpenner3s@woothemes.com,4166926.88,676644223,8064,Branch D
Russell Duddan,64679550,rduddan3t@hostgator.com,940920.42,410218084,3047,Branch A
Prudence Elston,927007710,pelston3u@edublogs.org,2893683.9,353880343,3220,Branch B
Mariellen Tebbutt,923011076,mtebbutt3v@com.com,3729697.8,154995094,4611,Branch J
Mandie Radden,616579936,mradden3w@hud.gov,2777574.56,126645158,886,Branch B
Sauveur Goodlud,63807569,sgoodlud3x@tumblr.com,3039977.74,679590855,1537,Branch E
Dotti Catlow,5982846,dcatlow3y@odnoklassniki.ru,3130095.91,327820707,5150,Branch D
Pasquale Napolitano,612921209,pnapolitano3z@bizjournals.com,2006010.28,83042750,1558,Branch D
Chan Greason,375123394,cgreason40@oracle.com,2437925.17,163643707,6908,Branch A
Lammond Cooper,398477055,lcooper41@mtv.com,1214974.71,132082603,873,Branch E
Perkin Layhe,267611359,playhe42@comsenz.com,4487515.69,589477719,3597,Branch D
Chandler Senton,336509352,csenton43@eventbrite.com,2893181.09,360197468,230,Branch A
Alecia Tregido,397828426,atregido44@pinterest.com,3027437.7,456947094,4018,Branch H
Daffy Coling,570444674,dcoling45@alexa.com,1130149.26,148981037,2683,Branch D
Nickey Challener,812714619,nchallener46@ocn.ne.jp,1575865.19,103401074,6530,Branch B
Lefty Fishbourn,257321322,lfishbourn47@prweb.com,3181171.72,250951256,9395,Branch D
Celina Witham,830061932,cwitham48@usnews.com,528670.42,58745122,7642,Branch G
Reg Relph,150931547,rrelph49@unesco.org,165630.75,486369793,2845,Branch E
Locke Loy,384134874,lloy4a@zimbio.com,4304780.3,236096469,5455,Branch B
Dolly Kuhlen,349474341,dkuhlen4b@vinaora.com,412608.33,366054844,5050,Branch H
Upton Pethick,807088610,upethick4c@so-net.ne.jp,1654858.38,628793501,2331,Branch C
Trev Maine,951965475,tmaine4d@sbwire.com,3712554.75,658899425,6825,Branch G
Aile Atcheson,771570156,aatcheson4e@jugem.jp,3956721.97,841702818,297,Branch E
Del Karpe,10922114,dkarpe4f@t-online.de,288223.04,915021408,1603,Branch G
Kitti Gingold,546318849,kgingold4g@amazon.co.jp,3770683.53,684208254,4388,Branch E
Jocelyne Gantlett,212522912,jgantlett4h@uol.com.br,4041176.93,912927422,8939,Branch D
Rozele Gutierrez,440199986,rgutierrez4i@phoca.cz,3921449.54,713519781,7798,Branch D
Tiphanie Veeler,361032751,tveeler4j@sourceforge.net,2154762.61,507624838,4231,Branch E
Nelie Isacq,812866132,nisacq4k@bandcamp.com,3813707.95,580498564,7549,Branch A
Chas Manhare,458625801,cmanhare4l@java.com,704483.32,693437901,1883,Branch H
Valera Vurley,865087734,vvurley4m@microsoft.com,3612107.06,781427485,8503,Branch G
Tedmund Lindback,149469797,tlindback4n@fotki.com,2530192.06,90618801,674,Branch D
Kanya Whodcoat,127099339,kwhodcoat4o@newyorker.com,1440076.34,182879230,1286,Branch J
Lyn Van Hove,463024620,lvan4p@dmoz.org,1314533.62,997778984,8919,Branch C
Klarika Delacoste,961016254,kdelacoste4q@indiegogo.com,3081111.93,876516979,1970,Branch C
Linnell Lared,821287708,llared4r@columbia.edu,4789695.9,875200520,1699,Branch E
Tony Eddis,190500753,teddis4s@jimdo.com,3684257.99,181536980,9745,Branch F
Dermot Gallant,773092423,dgallant4t@bizjournals.com,2673382.65,9108345,550,Branch J
Langston Endersby,808528173,lendersby4u@trellian.com,759451.91,798412322,8277,Branch G
Weber De Paoli,935769518,wde4v@google.com.hk,259533.72,488908204,867,Branch E
Darlene Maruska,826877753,dmaruska4w@digg.com,4785562.77,98159912,8896,Branch A
Rosie Champe,280844820,rchampe4x@smugmug.com,228808.92,600492755,2599,Branch B
Anallise Perell,185631184,aperell4y@mysql.com,547945.53,790380230,1528,Branch E
Frazier McClymond,714719090,fmcclymond4z@eventbrite.com,2596634.84,311506521,9010,Branch I
Malvina Ruter,392622460,mruter50@netlog.com,4952333.69,466457720,4572,Branch G
Idelle Barday,589408339,ibarday51@weather.com,4733280.95,282492409,1643,Branch A
Duffy Nilles,393386019,dnilles52@about.com,2262795.31,932935060,5840,Branch C
Arliene Exter,336472442,aexter53@ed.gov,4207224.01,757280362,7988,Branch H
Emmett MacAskill,137402782,emacaskill54@opera.com,3171391.31,463902500,2862,Branch C
Meyer Kerford,159222376,mkerford55@instagram.com,1655732.35,971301808,5667,Branch D
Corey Slorance,457888988,cslorance56@homestead.com,2828190.47,179352917,6657,Branch A
Branden Danigel,157763868,bdanigel57@berkeley.edu,2067304.17,693130541,162,Branch H
Isacco Gellion,9648653,igellion58@slate.com,1180861.05,66157677,1185,Branch G
Alia Jull,262492281,ajull59@pen.io,2384205.03,982573367,1082,Branch H
Inigo Moyse,614132784,imoyse5a@nsw.gov.au,8998.3,48064669,4924,Branch D
Lorain Folomin,664101107,lfolomin5b@merriam-webster.com,1640422.04,640348613,6078,Branch E
Katlin Wynn,193175688,kwynn5c@thetimes.co.uk,1219080.07,762158376,7586,Branch G
Tito Bagguley,812926615,tbagguley5d@foxnews.com,1335317.0,170530356,9650,Branch E
Ardella Gowry,926886650,agowry5e@booking.com,3871466.41,140367704,1135,Branch I
Clementine Casel,162320378,ccasel5f@t-online.de,505250.01,997530858,7832,Branch J
Dante Adamsky,32211862,dadamsky5g@disqus.com,260475.38,585554458,79,Branch D
Madlin Bourdice,404488315,mbourdice5h@boston.com,3410346.97,632445795,2333,Branch D
Sallie Hardi,265279900,shardi5i@jalbum.net,2494244.24,866051267,6002,Branch A
Dallas Vasser,788559825,dvasser5j@slate.com,4860591.81,259261737,6133,Branch D
Irvin Safell,57362190,isafell5k@goo.ne.jp,79039.72,558046102,9073,Branch F
Wallie Heartfield,72388425,wheartfield5l@51.la,1173272.11,866108373,542,Branch A
Benjamen Zecchii,444863499,bzecchii5m@newsvine.com,3712023.62,728351039,7741,Branch F
Giffy Prendergast,994069791,gprendergast5n@webeden.co.uk,1043817.79,875890916,6109,Branch J
Garrott Saggs,290975895,gsaggs5o@dailymail.co.uk,2654829.62,661999244,1345,Branch A
Vick Bithell,933187320,vbithell5p@archive.org,2661845.22,981024807,9283,Branch C
Erich Bausmann,250731740,ebausmann5q@hatena.ne.jp,3123639.08,250137561,1595,Branch D
Grange Raft,807661250,graft5r@sina.com.cn,2061765.78,362464551,9213,Branch D
Bearnard Gottelier,7010174,bgottelier5s@xinhuanet.com,10083.83,861966788,7490,Branch B
Joanie Witling,987136278,jwitling5t@list-manage.com,929407.49,486533838,689,Branch E
Derry Plenty,978568194,dplenty5u@google.ca,4905936.18,854430086,9100,Branch G
Paloma Jorczyk,316504557,pjorczyk5v@intel.com,3630362.51,989997787,2408,Branch F
Mersey Domino,752517004,mdomino5w@angelfire.com,2522390.99,818719346,2761,Branch E
Jordana Baverstock,642719489,jbaverstock5x@sakura.ne.jp,2632906.88,218541196,282,Branch D
Albrecht Anmore,668738614,aanmore5y@cnet.com,4857046.25,715286530,1097,Branch J
Sher Geake,61527953,sgeake5z@sina.com.cn,2074253.68,857892153,5832,Branch J
Madeleine Romeril,489909970,mromeril60@wikimedia.org,4450915.23,701394689,8495,Branch G
Felicio Tabb,169824396,ftabb61@weebly.com,3900600.45,737983409,1951,Branch C
Osmund Birwhistle,232659765,obirwhistle62@seesaa.net,3545622.29,918892418,3852,Branch F
Igor Battaille,776612328,ibattaille63@hibu.com,1815631.32,393357639,4548,Branch E
Benjie Vala,521948140,bvala64@ask.com,767035.99,274922000,2668,Branch E
Chery Chastang,270049802,cchastang65@ifeng.com,2506450.15,316112749,6600,Branch C
Jermaine Mitrovic,118042393,jmitrovic66@wisc.edu,1756069.73,427766696,5861,Branch J
Gisella Melding,695568261,gmelding67@quantcast.com,3874650.35,179183674,2631,Branch E
Richard McCauley,756181483,rmccauley68@scientificamerican.com,4025899.11,291650541,4747,Branch I
Ali Missington,960997926,amissington69@bandcamp.com,2210466.8,574721698,190,Branch A
Baxter Eshelby,867399819,beshelby6a@buzzfeed.com,3746618.89,475768948,9052,Branch E
Flory Kellick,622532429,fkellick6b@zdnet.com,3608204.31,122171829,2112,Branch A
Burk Bennit,245040143,bbennit6c@cdbaby.com,3899529.88,216182623,8303,Branch J
Merrill Goad,614898839,mgoad6d@loc.gov,1169523.98,780976807,1250,Branch F
Merwyn Anglish,788466871,manglish6e@php.net,1018404.68,231640196,13,Branch F
Gaston Loughead,746076092,gloughead6f@va.gov,1675059.04,502085676,4281,Branch I
Tandie Jacobs,668362678,tjacobs6g@google.com.br,4160792.48,101810633,9827,Branch D
Susanne Dalston,497762235,sdalston6h@xrea.com,807323.51,898717644,437,Branch I
Sansone Dwire,113047576,sdwire6i@jiathis.com,2583236.01,651494536,7716,Branch D
Manolo Elcocks,861305552,melcocks6j@tripod.com,2842424.46,932523187,1287,Branch G
Carola Kann,594305100,ckann6k@angelfire.com,4664332.73,679704959,7206,Branch J
Caro Dangerfield,216437539,cdangerfield6l@cnn.com,4948678.61,394776498,5857,Branch G
Saidee Bleeze,717219758,sbleeze6m@cbsnews.com,4857325.01,480443364,7861,Branch A
Minni Pantry,974382311,mpantry6n@arstechnica.com,3721754.82,128061697,1077,Branch H
Pancho Agnew,663676430,pagnew6o@google.ca,4646768.76,831676713,9276,Branch H
Harli Ridgeway,698195232,hridgeway6p@scientificamerican.com,104272.39,480737676,8947,Branch J
Alyssa Chazette,525716078,achazette6q@epa.gov,4393960.3,753700464,9877,Branch B
Verile Blue,568612680,vblue6r@geocities.jp,678268.21,357599468,5346,Branch A
Nowell Decayette,429774870,ndecayette6s@webeden.co.uk,1408958.29,27139560,4644,Branch B
Nerti Shyre,455128869,nshyre6t@webeden.co.uk,1585340.56,647097569,8747,Branch I
Anatollo Chisman,888539178,achisman6u@tuttocitta.it,1907455.13,626365439,6125,Branch F
Glad Lathom,233504466,glathom6v@psu.edu,558190.65,841826848,5633,Branch D
Aretha Conquest,121261867,aconquest6w@amazon.co.jp,4773763.39,289988259,3154,Branch E
Thomas Mottershead,645161378,tmottershead6x@furl.net,300978.27,756248248,3073,Branch C
Angelique Grimbleby,876877974,agrimbleby6y@webmd.com,834089.96,809283193,1160,Branch C
Francyne Tizard,991996816,ftizard6z@nifty.com,3976062.72,426697736,5223,Branch B
Klara Lidden,272395681,klidden70@craigslist.org,4649914.23,471057771,5180,Branch D
Murial Dodsworth,121752740,mdodsworth71@netscape.com,1117835.95,303781910,3366,Branch D
Alvina Branni,417466203,abranni72@ifeng.com,2100663.85,558823666,7539,Branch G
Jozef Spir,954822786,jspir73@list-manage.com,3527576.99,513726196,6081,Branch D
Georgie Macrow,910120786,gmacrow74@spotify.com,1404410.11,57439686,455,Branch C
Gauthier Elsby,335641603,gelsby75@cbslocal.com,709857.66,827707942,3057,Branch I
Rodolphe Baudinot,303782584,rbaudinot76@vistaprint.com,4546827.09,70538807,9344,Branch H
Winslow Sowood,453472404,wsowood77@plala.or.jp,632105.21,760550545,1415,Branch I
Cher Rehorek,480609433,crehorek78@reference.com,4805029.14,75200230,3722,Branch C
Lilla Parnaby,724131361,lparnaby79@ucoz.ru,4240483.24,390039607,2136,Branch G
Louisa Artiss,32074422,lartiss7a@posterous.com,2129256.65,659868843,6771,Branch B
Trish Frensche,24233278,tfrensche7b@diigo.com,3009714.46,986600053,2427,Branch D
Karina Well,817648317,kwell7c@springer.com,4573383.97,39264634,3743,Branch F
Scarlet Yeomans,748769935,syeomans7d@msn.com,564041.21,788952762,2230,Branch C
Kelcie Gallafant,552688690,kgallafant7e@unblog.fr,431291.97,171989102,1013,Branch A
Janet Phebey,461339709,jphebey7f@marketwatch.com,3193685.22,932658353,6958,Branch E
Alidia Feragh,278654998,aferagh7g@vimeo.com,426338.01,32799031,223,Branch F
Wallis Theunissen,363232712,wtheunissen7h@sun.com,2836537.38,503316354,6197,Branch H
Trenton Ciciari,855950218,tciciari7i@goo.ne.jp,4634449.4,907554773,3132,Branch F
Merci Baulcombe,99102485,mbaulcombe7j@timesonline.co.uk,436630.76,802184830,6065,Branch B
Eugenie Walasik,855581087,ewalasik7k@pen.io,1083463.2,577577472,1213,Branch H
Michelina Warsop,156531232,mwarsop7l@w3.org,184760.64,651645936,8466,Branch F
Ruby Elsegood,941750492,relsegood7m@eventbrite.com,4318072.76,7056061,6674,Branch A
Brent Carley,120177190,bcarley7n@unblog.fr,2400546.72,282992185,7634,Branch G
Trina Sloy,521472150,tsloy7o@kickstarter.com,22726.84,557003715,3791,Branch G
Hunter Stennard,387973976,hstennard7p@archive.org,6548.84,249969605,8063,Branch F
Sophronia Gabbetis,148478287,sgabbetis7q@soundcloud.com,1392146.32,634721218,5073,Branch F
Yehudit Camillo,96076648,ycamillo7r@123-reg.co.uk,4995246.98,527637080,6374,Branch B
Eliot Roches,669685693,eroches7s@yahoo.co.jp,1003337.85,940505850,1098,Branch E
Jillane Traut,248939946,jtraut7t@youtu.be,2714035.67,327276615,5667,Branch I
Quinta Hendrik,233736280,qhendrik7u@narod.ru,955057.19,665006119,570,Branch J
Arlyn Meir,699737642,ameir7v@mozilla.org,3987604.16,764566867,7213,Branch C
Caz Robbeke,881175501,crobbeke7w@free.fr,4954358.37,789247484,9850,Branch D
Tailor Novotni,45794001,tnovotni7x@twitter.com,4762757.06,980892094,1929,Branch H
Colly Erbe,902752737,cerbe7y@t.co,3882085.05,929629942,4922,Branch C
Hatti Greason,405052804,hgreason7z@fastcompany.com,1818454.1,917245721,7068,Branch H
Karrie Cellone,104060748,kcellone80@csmonitor.com,4063926.24,260038629,3487,Branch B
Jilly Perkis,373758667,jperkis81@nasa.gov,4933174.58,578439410,406,Branch C
Giffard Hayers,270250068,ghayers82@nasa.gov,1326024.78,344289658,6687,Branch B
Peggy Brearton,455842472,pbrearton83@sfgate.com,3859257.83,675101381,2222,Branch G
Ailsun Britto,254515984,abritto84@sohu.com,4305682.9,473823339,9770,Branch A
Judith Smitherman,815269489,jsmitherman85@ehow.com,2892859.59,142326408,2613,Branch H
Rosalind Waycot,100838874,rwaycot86@github.com,4324734.47,630062647,2029,Branch C
Annora Mathe,491006699,amathe87@webnode.com,357869.7,637093571,9851,Branch G
Gaby Mohan,238376748,gmohan88@economist.com,3073634.72,217623452,3059,Branch F
Alice Tomicki,183063175,atomicki89@businesswire.com,566150.63,267977851,4992,Branch I
Myrlene Foulser,927018804,mfoulser8a@umich.edu,1187813.13,533773642,6343,Branch I
Xaviera Neilly,622985951,xneilly8b@t-online.de,3651033.17,379448794,7018,Branch E
Natty Lancastle,590578285,nlancastle8c@fastcompany.com,1900773.46,623278557,5728,Branch B
Lyndsey Triner,640430476,ltriner8d@imdb.com,8107.42,214615102,6328,Branch H
Shel Lynett,707868251,slynett8e@google.ca,488816.19,323219329,5248,Branch A
Brent Burdus,21696376,bburdus8f@vimeo.com,3610223.53,507801182,6375,Branch E
Augustine Fitchew,288069894,afitchew8g@cafepress.com,1192568.0,248670038,8985,Branch A
Sander Cansdell,65536594,scansdell8h@ehow.com,4989381.34,205198895,1225,Branch F
Farlie Zettoi,700240813,fzettoi8i@stumbleupon.com,17364.59,512641926,472,Branch I
Mitchael McVeigh,937925435,mmcveigh8j@mapquest.com,3977907.69,586755905,126,Branch I
Chevalier Dorrian,788940574,cdorrian8k@eventbrite.com,811266.23,221056761,929,Branch C
Christina Gethin,449874516,cgethin8l@comcast.net,1214938.27,617734928,7365,Branch H
Gunter Bissiker,684591703,gbissiker8m@aol.com,1728707.72,50786862,9088,Branch G
Bevvy Forestall,87946050,bforestall8n@123-reg.co.uk,664201.21,993578056,8077,Branch F
Raeann Cecchi,561857092,rcecchi8o@va.gov,4334288.2,393035888,3667,Branch F
Lorain Rodolfi,514141613,lrodolfi8p@amazon.co.jp,4710646.62,221584738,7398,Branch B
Rodney Saltman,838235564,rsaltman8q@toplist.cz,199184.97,487682704,4380,Branch D
Valma Elfleet,912585979,velfleet8r@howstuffworks.com,3404664.62,642662891,5219,Branch C
Bartholemy Vinck,275037677,bvinck8s@lycos.com,2334239.33,604191499,2179,Branch G
Cordula Gogay,488581739,cgogay8t@craigslist.org,4212172.83,134248984,6351,Branch G
Rosalinda Dietsche,522327463,rdietsche8u@theglobeandmail.com,4194180.59,779128154,2663,Branch F
Hartley Wearden,222301551,hwearden8v@biglobe.ne.jp,4092220.34,329163289,3319,Branch F
Isak Jaye,40454880,ijaye8w@multiply.com,1389440.66,77985970,2823,Branch B
Joanna Peal,697309857,jpeal8x@washingtonpost.com,3635986.49,316865229,7562,Branch B
Dew Kohlert,275349988,dkohlert8y@bing.com,2621227.69,308288015,7616,Branch E
Hamish Mitkcov,788078304,hmitkcov8z@gravatar.com,685002.3,580018326,7077,Branch J
Evelyn Claesens,272156492,eclaesens90@statcounter.com,4085285.61,409155380,1196,Branch F
Royall Damrel,959824303,rdamrel91@blogs.com,1605405.36,983716036,7822,Branch E
Knox Godthaab,798510081,kgodthaab92@usgs.gov,789904.49,717166787,9,Branch A
Morgen Stamp,19024313,mstamp93@acquirethisname.com,3061979.76,745780983,9044,Branch G
Rodge Rimmington,441886760,rrimmington94@dedecms.com,3563582.55,651870396,899,Branch E
Roddie Domsalla,730063406,rdomsalla95@vk.com,2512959.74,735561988,5693,Branch I
Bobbi Hurnell,500792571,bhurnell96@ycombinator.com,4129021.87,901929682,3558,Branch G
Korry Rawle,514601974,krawle97@dropbox.com,4262587.41,316034088,521,Branch H
Vivyan Eard,126896715,veard98@mac.com,3601659.95,644767723,7359,Branch F
Ranna Keely,763504842,rkeely99@hhs.gov,1129878.62,154311962,6844,Branch J
Hoyt Faust,129156090,hfaust9a@123-reg.co.uk,3720635.99,933657181,1213,Branch A
Joanne Coumbe,556176089,jcoumbe9b@archive.org,1154219.38,493901013,691,Branch G
Amby Chantree,736720529,achantree9c@ftc.gov,3228706.2,458012309,9245,Branch F
Buddie Seargeant,666489148,bseargeant9d@flickr.com,2086936.48,29302895,7906,Branch H
Rhetta Thursfield,584508693,rthursfield9e@yellowpages.com,1829924.63,330519186,4022,Branch C
Calypso Gooday,254101261,cgooday9f@miitbeian.gov.cn,4621936.82,78747818,7550,Branch A
Abramo Goggan,592007381,agoggan9g@icq.com,856976.57,892295081,4797,Branch C
Valma Burkart,792444442,vburkart9h@jugem.jp,4153366.07,531904544,7897,Branch J
Fonsie Ondrus,820187562,fondrus9i@shutterfly.com,1011991.87,399076323,7772,Branch J
Prue Coverdill,557835518,pcoverdill9j@unc.edu,3288718.49,450819925,8139,Branch C
Tades Brimm,52563156,tbrimm9k@china.com.cn,3153660.37,318359332,1318,Branch J
Thorndike Matuszyk,362630131,tmatuszyk9l@businesswire.com,1942954.1,866268279,2327,Branch D
Dasya Barhems,856410632,dbarhems9m@spotify.com,3313108.04,807962586,2618,Branch D
Nerta Halfhead,56155877,nhalfhead9n@webs.com,4445177.75,723080753,9307,Branch H
Lian Klimkowski,805454038,lklimkowski9o@forbes.com,1764957.13,572914115,698,Branch A
Pet Baldrey,756424114,pbaldrey9p@themeforest.net,3072872.41,657635247,8280,Branch B
Rafaela Cridlin,347880857,rcridlin9q@google.it,2528840.4,643334716,4338,Branch J
Phylis Kohnert,394588447,pkohnert9r@bloomberg.com,871237.65,566153639,7121,Branch F
Freddy Tresler,544537053,ftresler9s@wikipedia.org,3148967.23,147891780,6461,Branch G
Augie Ashurst,288489437,aashurst9t@liveinternet.ru,1620601.73,981076363,5719,Branch J
Marjory Castellucci,587302744,mcastellucci9u@delicious.com,1682465.73,876080041,4919,Branch E
Belvia O'Hoolahan,686440511,bohoolahan9v@simplemachines.org,495890.87,604681145,7281,Branch I
Cass Burles,860936257,cburles9w@devhub.com,2365478.36,806781666,5712,Branch G
Yankee Adamovitch,661095794,yadamovitch9x@ocn.ne.jp,292996.49,965012992,1345,Branch B
Cesar Wrotham,496078187,cwrotham9y@icio.us,3791020.33,73958881,3392,Branch B
Poppy Vicary,949813851,pvicary9z@deliciousdays.com,4599222.27,807412657,7888,Branch H
Horatia MacConnulty,484310888,hmacconnultya0@ihg.com,912633.49,869599269,603,Branch A
Danny Sandall,816522967,dsandalla1@unblog.fr,4482886.15,333335081,9303,Branch J
Malinda De Micoli,769733718,mdea2@free.fr,1968949.15,728050995,5360,Branch J
Jessy Stanning,465122761,jstanninga3@wunderground.com,2657219.5,928032647,6086,Branch B
Matthew Worsom,919533529,mworsoma4@google.it,4120912.86,236512221,180,Branch J
Nessa McKue,977630969,nmckuea5@jalbum.net,3770210.59,361569280,9932,Branch D
Milli Charlwood,428946689,mcharlwooda6@springer.com,3880719.2,962889330,3407,Branch B
Saxon Boatman,340876754,sboatmana7@usda.gov,3857118.13,663064999,1086,Branch J
Silvanus Baukham,474513567,sbaukhama8@howstuffworks.com,768824.45,941445470,2029,Branch J
Kaitlyn Eberst,191767794,kebersta9@spotify.com,1875872.29,941826738,5585,Branch G
Allyson Trobridge,839405730,atrobridgeaa@ehow.com,2773805.75,956523003,4563,Branch A
Ted Bawle,295837938,tbawleab@hc360.com,4386023.59,740609683,277,Branch A
Jeanna Kidner,274860800,jkidnerac@huffingtonpost.com,2228172.49,72395852,2,Branch B
Nicoline Ambroisin,286306872,nambroisinad@webeden.co.uk,4020286.22,733665295,8785,Branch B
Maureen Appleton,614245054,mappletonae@booking.com,4913526.11,475431572,5282,Branch I
Crichton Rablan,479748210,crablanaf@reddit.com,4493430.49,426204605,3101,Branch C
Lane Bockmaster,554236559,lbockmasterag@alibaba.com,1708812.47,145269811,1796,Branch F
Josephine Gowman,160246169,jgowmanah@macromedia.com,2328574.27,878060764,2497,Branch H
Tamma McBay,596930617,tmcbayai@indiatimes.com,4974529.69,206438479,3014,Branch D
Blaine Belhome,44888643,bbelhomeaj@yelp.com,1903569.85,110102769,9843,Branch E
Bobbette Coghlan,359176662,bcoghlanak@histats.com,2274539.07,11811324,3114,Branch J
Paloma Sillett,132245878,psillettal@imgur.com,4466631.52,378847295,6079,Branch A
Deidre Baulcombe,872857175,dbaulcombeam@umn.edu,2868940.37,161017245,1977,Branch J
Joyann Witheridge,798840917,jwitheridgean@ft.com,912431.31,739981806,2627,Branch A
Carlin Ludlem,926621154,cludlemao@dmoz.org,2484163.3,194813373,9277,Branch F
Noreen Chiverstone,120281738,nchiverstoneap@columbia.edu,1662618.71,312033704,5960,Branch E
Myrtle Lies,639998598,mliesaq@free.fr,3085164.28,177721185,3145,Branch I
Yorke Gazey,971280997,ygazeyar@psu.edu,1302601.57,990018860,4811,Branch G
Alexis Le Maitre,585067835,aleas@cafepress.com,4668697.78,249083763,2140,Branch J
Bernelle Wilhelmy,392530325,bwilhelmyat@google.com,2199849.52,543815370,8531,Branch I
Hubey Kitman,245053263,hkitmanau@fotki.com,3048193.02,200427927,9837,Branch A
Kaela Magister,162393012,kmagisterav@sphinn.com,1173715.02,792551657,6927,Branch D
Porty Letson,123423626,pletsonaw@biglobe.ne.jp,2877654.43,762917059,8050,Branch E
Othilia Patridge,424883437,opatridgeax@vistaprint.com,4159432.98,328481353,309,Branch J
Florinda Prescote,307176057,fprescoteay@google.es,188102.9,300606419,998,Branch G
Jillie Wildsmith,611722070,jwildsmithaz@goo.gl,4113247.02,825759586,219,Branch F
Foss Cud,82306409,fcudb0@nytimes.com,2976504.55,318258228,7687,Branch E
Roxy McKaile,577796346,rmckaileb1@telegraph.co.uk,41500.18,259100703,5933,Branch E
De Dax,732663774,ddaxb2@networkadvertising.org,1946365.78,356069470,1072,Branch D
Allene McKellen,243674369,amckellenb3@ed.gov,4761271.69,698133446,7011,Branch G
Terri Billborough,316284548,tbillboroughb4@amazon.com,1752581.01,53646504,9836,Branch G
Caren Bloschke,935197672,cbloschkeb5@miitbeian.gov.cn,3930058.61,905727938,1454,Branch H
Krystle Mepsted,378517912,kmepstedb6@yahoo.com,1894999.92,753588693,7022,Branch E
Penn Comazzo,707503236,pcomazzob7@dedecms.com,233952.7,881922821,4681,Branch I
Luther Brinkworth,712902706,lbrinkworthb8@ihg.com,1380246.16,845237643,518,Branch H
Carlie MacAnulty,199608729,cmacanultyb9@wix.com,4876841.89,47484266,8145,Branch B
Conni Beswetherick,968763572,cbeswetherickba@harvard.edu,1705443.59,78183873,8481,Branch A
Joceline Jaggard,644109353,jjaggardbb@is.gd,2758871.34,244432619,6433,Branch H
Jameson Howels,752070103,jhowelsbc@hostgator.com,3114393.16,874001065,5448,Branch G
Harcourt Bold,703297778,hboldbd@wiley.com,2266524.73,657273463,2059,Branch E
Pet Wyles,446536415,pwylesbe@gnu.org,3506163.04,181159843,1990,Branch F
Jeramie Kobiera,722286084,jkobierabf@biglobe.ne.jp,4077738.54,509950417,4708,Branch I
Tamera Rossi,4730031,trossibg@boston.com,353119.33,700978754,8705,Branch B
Darwin Beesley,160263860,dbeesleybh@addtoany.com,4093671.5,865025200,8964,Branch H
Idell Wyche,366505406,iwychebi@craigslist.org,3079048.57,823073353,5401,Branch D
Tandi Dottrell,594126029,tdottrellbj@unesco.org,4223395.65,370492396,1617,Branch E
Carri Guage,136698929,cguagebk@deliciousdays.com,887831.98,735124504,4944,Branch A
Jemie Botright,392734953,jbotrightbl@mtv.com,4505599.9,872065395,8303,Branch E
Son Germon,102582025,sgermonbm@slideshare.net,2533578.5,622286066,4898,Branch D
Marcy Hallin,990100094,mhallinbn@ft.com,2528732.4,150708885,3590,Branch B
Giustina Scrivens,425469862,gscrivensbo@wordpress.org,2673064.8,794184515,5379,Branch E
Erl Dreye,475059379,edreyebp@yahoo.com,3452527.31,634889682,2764,Branch E
Clemence Lonsbrough,232708745,clonsbroughbq@51.la,4267106.39,516376138,362,Branch J
Chrystel McManamon,558253384,cmcmanamonbr@time.com,291597.29,454348047,7559,Branch G
Cecelia Smeeth,56139419,csmeethbs@loc.gov,4297799.22,621441279,9085,Branch J
Averill Illwell,992372533,aillwellbt@stumbleupon.com,1337270.1,387295778,8853,Branch I
Iorgos St. Pierre,131242483,istbu@reddit.com,438636.96,124297597,8266,Branch B
Mel Ilyinski,838311068,milyinskibv@nhs.uk,1827649.45,214716701,8347,Branch F
Washington Fairpool,447836778,wfairpoolbw@blog.com,1546672.44,330919079,8102,Branch E
Francois Pycock,564751323,fpycockbx@blog.com,1276890.06,408885962,7589,Branch B
Horatio Assante,19830809,hassanteby@imgur.com,1551466.36,711198880,8162,Branch H
Griffy Plampeyn,325391101,gplampeynbz@wufoo.com,4315383.08,183055573,9697,Branch C
Wallie Measey,444457601,wmeaseyc0@wordpress.org,1197198.28,334699642,108,Branch C
Manon Irnis,456622702,mirnisc1@independent.co.uk,2904204.76,854100501,4190,Branch F
Ariel Izaac,700374654,aizaacc2@netvibes.com,2317825.34,695173730,1548,Branch E
Rosalia Chatelet,355249971,rchateletc3@quantcast.com,2568478.75,854424592,6697,Branch G
Osborn Jackman,36716190,ojackmanc4@oaic.gov.au,559595.07,684913558,7796,Branch I
Monty Adam,987261293,madamc5@cornell.edu,2590152.61,894661248,5317,Branch H
Myrtie Gissing,698392929,mgissingc6@hubpages.com,2274610.85,149114210,5822,Branch F
Brittani Ladds,365232252,bladdsc7@comcast.net,1835176.77,85438271,9546,Branch E
Gannon Billows,124810263,gbillowsc8@psu.edu,4965396.77,226360392,6301,Branch I
Sibby Tidridge,154237724,stidridgec9@psu.edu,1765674.25,419053789,8556,Branch D
Belia Rollinson,688476232,brollinsonca@t-online.de,2711898.01,843391219,7191,Branch G
Chrysler Feveryear,569675373,cfeveryearcb@de.vu,4210304.91,118363261,7811,Branch I
Deedee Fisk,384061878,dfiskcc@engadget.com,532611.81,695655517,4481,Branch C
Jessika Done,38946396,jdonecd@time.com,521251.7,114855411,950,Branch G
Vally Piola,901644545,vpiolace@i2i.jp,4506132.27,258906779,6533,Branch A
Omar Bromehed,820110132,obromehedcf@smh.com.au,397022.04,264464278,907,Branch G
Dene Orht,819856119,dorhtcg@china.com.cn,4665845.69,781808395,9213,Branch D
Boniface Jacquemy,749771689,bjacquemych@usda.gov,69906.06,311252919,7337,Branch I
Hastie Dawdary,963787720,hdawdaryci@multiply.com,4688703.33,841182242,3215,Branch A
Ophelie Cranefield,294166567,ocranefieldcj@google.es,3752237.25,417093004,6136,Branch G
Trumaine Clouter,493254548,tclouterck@bbb.org,4468644.86,577805959,9729,Branch A
Charlean Burnsyde,234531055,cburnsydecl@baidu.com,2947173.35,842348804,8057,Branch H
Alard Temlett,366107010,atemlettcm@wikispaces.com,3411987.52,376410468,2620,Branch E
Marve Antonazzi,881472754,mantonazzicn@wordpress.com,1586101.28,15509903,6274,Branch F
Eudora Rigden,77643678,erigdenco@foxnews.com,1615354.48,103229186,9007,Branch I
Oralia Dietzler,234216887,odietzlercp@mediafire.com,1890996.43,543176353,3036,Branch G
Orv Yanson,714057270,oyansoncq@gmpg.org,2562192.9,608203110,1568,Branch B
Dun Rosberg,769663709,drosbergcr@blinklist.com,1270713.02,870922111,5144,Branch B
Elvin Spenley,28567218,espenleycs@booking.com,4434805.88,983643582,5505,Branch I
Levy Luckett,190585004,lluckettct@europa.eu,541504.38,762182871,7351,Branch B
Hesther Deane,536767104,hdeanecu@ebay.com,3640704.48,614512267,5075,Branch H
Aindrea Liddall,469360311,aliddallcv@nba.com,1990130.91,344812872,4403,Branch D
Holden Quemby,310103552,hquembycw@over-blog.com,3397419.5,47225991,3582,Branch J
Bogart Carlsson,117380149,bcarlssoncx@reverbnation.com,4309057.15,451160937,7885,Branch H
Palmer Wheatcroft,287613398,pwheatcroftcy@independent.co.uk,2560931.76,562212628,6180,Branch C
Tybie Trusler,581478897,ttruslercz@posterous.com,807781.85,273290367,6284,Branch I
Renaldo Mikalski,357482851,rmikalskid0@mit.edu,3563393.06,17351353,5981,Branch H
Hallsy Detoc,11288116,hdetocd1@chron.com,4470743.91,167699677,1524,Branch G
Georgetta Fifield,891413970,gfifieldd2@home.pl,4619326.96,669371178,2376,Branch G
Antony Timmins,83880077,atimminsd3@barnesandnoble.com,3059852.89,795206695,4128,Branch I
Tadd Aberchirder,306414889,taberchirderd4@marketwatch.com,1324066.39,661033473,1000,Branch I
Norbie Tills,82839211,ntillsd5@zdnet.com,1094347.31,353703729,2661,Branch J
Lilith Gosnold,585491677,lgosnoldd6@newyorker.com,3193191.33,387831939,3402,Branch J
Jeffry Agneau,329719273,jagneaud7@about.com,3147793.31,801394850,7707,Branch I
Mil Pietrzyk,112474439,mpietrzykd8@foxnews.com,1218180.02,445254881,5981,Branch A
Findley Van der Spohr,616932191,fvand9@trellian.com,4856055.29,496682703,7929,Branch F
Gabriel Philson,597858054,gphilsonda@mlb.com,350768.41,419519759,3370,Branch G
Therine D'Elias,372236339,tdeliasdb@people.com.cn,2630217.44,908124004,9325,Branch J
Constantino Huot,908878239,chuotdc@clickbank.net,505325.38,718053227,7611,Branch G
Carlynn Sholl,608321011,csholldd@sbwire.com,2046758.38,340384255,2748,Branch B
Cathrin O'Feeny,874381555,cofeenyde@zimbio.com,1310317.56,463424387,680,Branch F
Alisha Boow,652089991,aboowdf@aboutads.info,2712928.4,141377585,5696,Branch F
Seth Walewicz,376047469,swalewiczdg@latimes.com,1290221.83,769062772,2258,Branch C
Rafaello Rendell,700042228,rrendelldh@naver.com,1687099.39,512956271,1476,Branch J
Opal Perrott,819446940,operrottdi@webeden.co.uk,4178233.06,949937686,7428,Branch C
Sheffie Trowle,532356433,strowledj@qq.com,284722.57,637364793,5977,Branch E
Ophelia Turner,977339629,oturnerdk@columbia.edu,45080.27,778443207,9536,Branch I
Gan Caldecott,293570555,gcaldecottdl@tinyurl.com,1424370.17,89236604,7820,Branch D
Lorens Fakes,653024556,lfakesdm@jimdo.com,788455.81,240095981,4450,Branch C
Norby Elloit,571506428,nelloitdn@chronoengine.com,1776658.72,759867314,5762,Branch F
Agata Takle,462203135,atakledo@ask.com,641575.38,442687767,7725,Branch H
Lilia Coon,6288925,lcoondp@ebay.com,2392917.81,361134565,9645,Branch H
Blondelle Strangeways,189153907,bstrangewaysdq@constantcontact.com,3579895.72,834891421,5736,Branch G
Burke Zecchinelli,490851747,bzecchinellidr@weebly.com,1386371.88,366608364,9298,Branch G
Fair Tchaikovsky,973845134,ftchaikovskyds@surveymonkey.com,979795.21,467212158,2751,Branch E
Alfred Wemes,227349501,awemesdt@reference.com,3726837.23,603628298,5873,Branch E
Darcy Boud,721324754,dbouddu@newyorker.com,2889850.29,77049576,3396,Branch J
Shane Dollar,211228624,sdollardv@google.it,3964127.93,15086636,6113,Branch D
Inez Mays,137946266,imaysdw@adobe.com,2354467.82,192337592,120,Branch J
Brand Hidderley,95060093,bhidderleydx@businessweek.com,4699918.75,870741861,9095,Branch G
Ryann Skirven,394154394,rskirvendy@earthlink.net,2537384.4,594601464,8430,Branch I
Winnifred Sellar,936045730,wsellardz@1und1.de,883123.64,596711821,4718,Branch I
Caron Wressell,210185889,cwresselle0@meetup.com,3221733.11,763349398,6574,Branch J
Gray Hopfner,691376201,ghopfnere1@army.mil,3121167.79,210557761,7483,Branch I
Jeannette Robberecht,129045863,jrobberechte2@buzzfeed.com,657380.33,84672802,4405,Branch A
Krista Elner,660392205,kelnere3@vk.com,4289205.84,557229968,71,Branch J
Britteny Abdie,529051165,babdiee4@engadget.com,728889.91,248434141,3863,Branch H
Kendre von Nassau,811069517,kvone5@google.ca,4817008.08,91797880,9511,Branch I
Agnesse Oxterby,758878171,aoxterbye6@xinhuanet.com,4783373.44,235181486,6117,Branch J
Jermaine Janu,160604004,jjanue7@qq.com,4079009.22,823203320,7512,Branch F
Neda Fromont,392391291,nfromonte8@about.me,3520881.84,477934854,3494,Branch D
Rick Cauthra,390402339,rcauthrae9@com.com,718203.4,965222191,2188,Branch A
Faun Southerden,697030896,fsoutherdenea@sohu.com,3742783.66,553136048,5863,Branch G
Deeanne Fynes,709004338,dfyneseb@craigslist.org,3983222.44,216759853,1712,Branch G
Jena Yetton,431749733,jyettonec@privacy.gov.au,1497115.34,535273913,9822,Branch H
Huntington Lamburne,881013964,hlamburneed@google.com.hk,162387.58,849160649,9122,Branch B
Lorette Pasquale,353397039,lpasqualeee@ifeng.com,512478.18,793512714,6687,Branch H
Kennie Derges,588830326,kdergesef@ow.ly,1682366.43,381096297,3230,Branch E
Roth Shackle,149440937,rshackleeg@answers.com,1145948.39,822052859,1245,Branch H
Delila Heindrich,235468414,dheindricheh@google.com.br,3305252.94,754715422,2361,Branch H
Rawley Hearn,211832543,rhearnei@miibeian.gov.cn,1648009.0,135251596,8829,Branch C
Jefferson Evill,795330009,jevillej@java.com,3567373.47,573789945,2618,Branch D
Mendie Donaher,147043931,mdonaherek@mtv.com,4642751.81,756446528,5417,Branch C
Jaquelin Steels,625023087,jsteelsel@intel.com,464837.36,307591860,7000,Branch G
Auguste Sage,790321609,asageem@addtoany.com,2054512.47,73275357,4299,Branch J
Kingsley Joselin,936688461,kjoselinen@xinhuanet.com,2267346.3,287548708,6636,Branch D
Elnora Cudby,454958060,ecudbyeo@nih.gov,4180613.13,36393889,154,Branch A
Alyce Creavin,447403454,acreavinep@foxnews.com,4376425.81,591389878,5468,Branch B
Almeda Minchi,371595650,aminchieq@samsung.com,2868658.16,147830104,4333,Branch B
Clerissa Aspinall,307272517,caspinaller@artisteer.com,2047462.24,598605099,9836,Branch D
Gretal Nowland,425035810,gnowlandes@craigslist.org,2392526.49,765031954,2774,Branch D
Lina Gabe,203157754,lgabeet@reuters.com,8857.07,436214167,9872,Branch I
Rowena Schimpke,636664243,rschimpkeeu@php.net,3825372.3,809105307,9164,Branch D
Jim Langston,137543171,jlangstonev@topsy.com,3706590.57,599328974,2301,Branch A
Tiff Nodin,215405454,tnodinew@unc.edu,4672063.2,111427020,422,Branch G
Obadiah Akerman,718241159,oakermanex@discovery.com,250275.83,558868800,30,Branch G
Giacobo Abramcik,446789232,gabramcikey@admin.ch,911382.66,19967801,4578,Branch B
Daniela Garvin,39198964,dgarvinez@angelfire.com,2752245.87,597749133,9503,Branch A
Gabbey Rubinowitz,881555367,grubinowitzf0@theglobeandmail.com,1077210.36,529969932,193,Branch G
Peta Whooley,45174009,pwhooleyf1@sciencedirect.com,1395576.59,600696290,6501,Branch J
Rebbecca Yoseloff,309946680,ryoselofff2@google.com,555764.85,398944698,7495,Branch C
Maridel Batchelour,500784739,mbatchelourf3@cbslocal.com,2522302.22,209614936,872,Branch I
Tobiah Daniello,994747027,tdaniellof4@economist.com,3922065.49,517653956,1565,Branch H
Janelle Dinjes,258428092,jdinjesf5@php.net,3554462.41,501581228,5788,Branch H
Nealson Andres,905566711,nandresf6@psu.edu,690660.56,651918288,1367,Branch J
Rhody Deetlefs,338063204,rdeetlefsf7@cyberchimps.com,1794386.15,318064803,347,Branch F
Carlyle Twinberrow,561822015,ctwinberrowf8@oracle.com,2939111.75,404973550,5535,Branch J
Lynette Ostick,949281722,lostickf9@yale.edu,1180385.21,12741243,397,Branch G
Hewie Lange,243207885,hlangefa@icio.us,2037325.91,356668773,5234,Branch G
Sylvia Poluzzi,911417677,spoluzzifb@springer.com,4593030.14,627228355,7996,Branch C
Gerrard Favela,230502953,gfavelafc@engadget.com,3751260.36,635336418,2060,Branch D
Dina Durnell,777574905,ddurnellfd@usatoday.com,3978643.8,156272383,1736,Branch E
Simonne Minall,309308407,sminallfe@linkedin.com,2243900.05,262191801,9582,Branch C
Iolanthe Costell,418078575,icostellff@discovery.com,4217996.9,46065866,8864,Branch H
Tiphani Argente,518418701,targentefg@uol.com.br,1378616.06,881901618,5611,Branch D
Celestyn Romans,165774225,cromansfh@zdnet.com,366071.09,148178885,8952,Branch G
Rebekah Haste,719852022,rhastefi@icq.com,608943.64,879982804,2971,Branch I
Angus Leber,528013608,aleberfj@360.cn,1923058.85,386702158,5154,Branch D
Alverta Paunsford,149125820,apaunsfordfk@typepad.com,3225567.5,777483397,1397,Branch I
Bel Dorow,799082258,bdorowfl@nih.gov,1687897.98,642289859,3491,Branch D
Ilsa Bloxam,925868215,ibloxamfm@cbc.ca,1351166.36,854880816,7916,Branch J
Fabien Matuszyk,544848393,fmatuszykfn@statcounter.com,4237366.31,786200149,7558,Branch A
Raimund O' Donohue,296951441,rofo@youtu.be,4218389.78,425633656,5385,Branch D
Carroll Yashanov,64150905,cyashanovfp@a8.net,3306408.96,385991936,361,Branch I
Delcina Loade,665612109,dloadefq@nyu.edu,1776274.01,463468554,876,Branch D
Farlay Leadston,119141422,fleadstonfr@abc.net.au,2313279.95,641646712,1994,Branch C
Kikelia Fleetwood,542991710,kfleetwoodfs@timesonline.co.uk,3494733.92,23769270,8422,Branch J
Frankie Lisciardelli,33506300,flisciardellift@cnbc.com,4268919.59,361155727,9867,Branch I
Willette Tregian,517488393,wtregianfu@instagram.com,4160488.55,247690790,3757,Branch H
Cordy Gowers,377766955,cgowersfv@mysql.com,3448296.01,752226464,4222,Branch H
Benedicto Gronous,406406864,bgronousfw@smh.com.au,1072971.71,193297805,353,Branch I
Marielle Course,195296650,mcoursefx@vistaprint.com,1255916.83,413308939,5680,Branch H
Erhard Le Teve,152972506,elefy@odnoklassniki.ru,1372212.83,529002326,5662,Branch H
Miquela Dangerfield,826087184,mdangerfieldfz@unesco.org,1274878.7,93712336,4008,Branch C
Drew Ruppele,460888783,druppeleg0@themeforest.net,2171235.67,732519774,7975,Branch A
Lazaro Fyldes,965673643,lfyldesg1@sun.com,400067.51,863001504,7830,Branch H
Ki Watkiss,449439202,kwatkissg2@cisco.com,3367996.27,997350055,7497,Branch E
Kelly Heaps,674551979,kheapsg3@cbc.ca,1470036.42,800874750,6286,Branch E
Anderson Quickfall,504632325,aquickfallg4@arstechnica.com,2660056.73,563670752,5654,Branch G
Barnard Samuels,13199431,bsamuelsg5@4shared.com,950274.04,32443904,2466,Branch E
Koressa Viccary,515663039,kviccaryg6@jigsy.com,3673404.66,966987505,5622,Branch E
Gayler Haggerwood,787069318,ghaggerwoodg7@indiegogo.com,1906268.54,84728031,67,Branch D
Cecile Gabbott,892240566,cgabbottg8@icio.us,4985789.38,469118588,5687,Branch D
Sonnnie Maulin,246959061,smauling9@fema.gov,2479708.65,602731402,7133,Branch C
Kiley Flewitt,105615479,kflewittga@amazon.co.jp,4936621.48,429541192,6149,Branch I
Danni Bockh,323930799,dbockhgb@biblegateway.com,3266349.02,483626285,1304,Branch F
Hana Duffet,484254309,hduffetgc@apple.com,1631503.29,645544323,4719,Branch D
Tessie Livard,968048139,tlivardgd@godaddy.com,1648263.38,321862358,9438,Branch E
Merle Rudeforth,171666196,mrudeforthge@1und1.de,907436.4,225203255,9980,Branch B
Shelley Posvner,404015382,sposvnergf@blog.com,1541810.21,685629692,6978,Branch J
Kasey McGirl,344198303,kmcgirlgg@vistaprint.com,706513.89,362085228,9396,Branch E
Lucho Paskerful,229565541,lpaskerfulgh@meetup.com,3631840.78,268396730,8025,Branch B
Cyndi Jordison,315593820,cjordisongi@tripod.com,3084252.23,742719380,5533,Branch A
Ritchie Gegay,770684463,rgegaygj@t.co,3134466.43,209515363,4790,Branch C
Wiley Arendt,401883724,warendtgk@statcounter.com,3730717.97,272300569,3749,Branch G
Garfield Gavan,296721692,ggavangl@deliciousdays.com,4199233.44,228072719,3831,Branch E
Tudor Dunhill,298642068,tdunhillgm@ycombinator.com,2037280.96,819377667,9228,Branch G
Winfred Monahan,153444529,wmonahangn@disqus.com,39673.95,414491682,81,Branch E
Winna Tallman,989448825,wtallmango@51.la,2064054.71,467638770,9553,Branch J
Devin Kempster,272674720,dkempstergp@nps.gov,2387206.11,672977251,1003,Branch B
Cyndie Dusey,358170820,cduseygq@cdc.gov,1653988.16,488736341,4359,Branch D
Waverley Walczak,438014544,wwalczakgr@time.com,494829.53,973345745,8731,Branch G
Edik Goodinson,933129141,egoodinsongs@dedecms.com,452260.98,724102802,6496,Branch H
Latrena Buncombe,334938952,lbuncombegt@hhs.gov,3227628.82,445948153,6515,Branch J
Web Abramow,504634729,wabramowgu@cbslocal.com,1884068.65,875518506,7879,Branch D
Dona Fuller,508650490,dfullergv@squarespace.com,1124176.74,751876188,3090,Branch J
Ripley Boomes,101757115,rboomesgw@bravesites.com,4875548.18,533500079,6839,Branch B
Bernadina Chazier,257230711,bchaziergx@squarespace.com,650675.37,235805694,9034,Branch I
Sissie Rowlson,614211805,srowlsongy@flickr.com,1563680.47,754696734,8663,Branch D
Duffie Blackway,542603251,dblackwaygz@comsenz.com,2862615.97,719871229,9646,Branch I
Guenevere Brawley,949564451,gbrawleyh0@ebay.com,176524.71,559157426,5015,Branch H
Yalonda Hastelow,316271884,yhastelowh1@columbia.edu,1364777.18,18726710,3844,Branch I
Electra Titherington,970410299,etitheringtonh2@hud.gov,1440198.37,876377088,9129,Branch D
Jock Longhirst,995730634,jlonghirsth3@ihg.com,3859969.23,812023818,7794,Branch A
Conway Teasey,447663749,cteaseyh4@narod.ru,3504772.08,980637848,1471,Branch A
Allyson Adolfsen,837732281,aadolfsenh5@tmall.com,2506091.27,631576054,2745,Branch I
Boyce Tebbut,476563277,btebbuth6@oracle.com,2002692.97,681129632,1677,Branch F
Nissy Gherardini,961532927,ngherardinih7@mac.com,1111591.56,469155023,748,Branch J
Melisenda McGlaughn,474534913,mmcglaughnh8@mac.com,3181712.56,102978675,9548,Branch F
Dwight Tomek,851834076,dtomekh9@storify.com,2976068.48,800940111,862,Branch A
Simone Calrow,439637336,scalrowha@yellowpages.com,1668320.27,122598488,3220,Branch E
Linea Fury,513601995,lfuryhb@163.com,2889062.29,933564906,3596,Branch B
Noel Mattersley,463002134,nmattersleyhc@china.com.cn,3926709.34,747746236,4136,Branch D
Johnathon Burditt,82911343,jburditthd@imgur.com,72718.42,421374300,7846,Branch F
Bengt Assad,759325015,bassadhe@a8.net,996188.34,380196122,3321,Branch E
Benedikta Trippick,668205363,btrippickhf@phpbb.com,2853810.94,446096996,6887,Branch D
Morrie Kunz,285788972,mkunzhg@ucsd.edu,4386694.09,231041437,6594,Branch B
Lance Matyasik,309084783,lmatyasikhh@webeden.co.uk,715391.34,1170513,748,Branch C
Wenona Irwin,936247354,wirwinhi@unc.edu,629977.53,600165747,6162,Branch E
Hatti Varne,585439520,hvarnehj@google.co.jp,2998234.12,475085660,1601,Branch E
Ethelin Sindall,362918053,esindallhk@parallels.com,3159700.65,61137266,5131,Branch C
Junette Stockow,961221208,jstockowhl@apache.org,1441532.03,744902854,3037,Branch H
Kurt Franck,651577542,kfranckhm@hc360.com,841618.49,348565955,8429,Branch F
Elsi Rosekilly,209258554,erosekillyhn@home.pl,3427247.59,890863455,9129,Branch B
Britte Devas,213254394,bdevasho@patch.com,218436.03,272907559,6003,Branch J
Gallagher Stanning,362673218,gstanninghp@is.gd,4192733.76,882283118,1945,Branch J
Gerladina Iskower,178912169,giskowerhq@timesonline.co.uk,3999167.62,152573710,9766,Branch F
Tuesday Barabisch,908373527,tbarabischhr@soundcloud.com,1200515.54,639341882,4184,Branch J
Marilin Johnson,24045357,mjohnsonhs@google.de,969611.83,970069918,9346,Branch F
Jaquenetta Eykel,468834874,jeykelht@simplemachines.org,3048331.16,808583382,905,Branch C
Tibold Johannes,657001462,tjohanneshu@hao123.com,1967992.46,99054528,3562,Branch B
Valry Buscher,840434661,vbuscherhv@google.co.uk,3402502.73,606714394,7502,Branch C
Talyah Marklow,915594337,tmarklowhw@squarespace.com,1417952.94,813347157,1731,Branch A
Nikki Maskill,126709794,nmaskillhx@bluehost.com,3268886.81,568964396,1572,Branch G
Sarge MacVagh,529294527,smacvaghhy@reference.com,2176782.53,554157828,9115,Branch B
Noelani Piele,452889070,npielehz@state.tx.us,2407073.36,303824071,97,Branch F
Bobbee Segoe,758072135,bsegoei0@storify.com,1005310.45,267709006,7705,Branch A
Torrie Gerrey,457906189,tgerreyi1@amazon.co.uk,2700681.78,913143931,94,Branch I
Nicki Tuvey,57710136,ntuveyi2@home.pl,4021815.16,905274948,2180,Branch H
Hedwiga O'Skehan,547391246,hoskehani3@slashdot.org,1548577.69,215758277,404,Branch B
Consuelo Liepmann,295970671,cliepmanni4@hatena.ne.jp,264926.11,896774032,5914,Branch D
Rozina Clemas,220083240,rclemasi5@hud.gov,3894509.83,912960246,9214,Branch H
Rickey Westhofer,633408686,rwesthoferi6@fastcompany.com,728223.71,892190027,1377,Branch A
Felicia Carbert,787130383,fcarberti7@ameblo.jp,32803.21,928059830,8671,Branch J
Kathie Veelers,375359842,kveelersi8@devhub.com,1572523.27,934979500,1984,Branch B
Shauna Mockler,87666970,smockleri9@1688.com,1339805.52,289479399,4734,Branch H
Fee Verbrugghen,716747962,fverbrugghenia@sfgate.com,2887935.58,311214655,1363,Branch J
Michaella Grassick,94461916,mgrassickib@bigcartel.com,4507267.05,401880163,2339,Branch A
Reyna Coal,660169324,rcoalic@nbcnews.com,4388130.78,355615685,5902,Branch F
Paola Shegog,210360970,pshegogid@comsenz.com,3862241.82,941555630,3792,Branch E
Kip Muffen,607988490,kmuffenie@wufoo.com,4685679.26,903643309,6921,Branch D
Alvinia Skewes,269820505,askewesif@hao123.com,2079133.45,849306811,5191,Branch J
Charlena Tuson,251651599,ctusonig@nifty.com,3194824.48,463280916,8855,Branch E
Flint Folling,939880612,ffollingih@usda.gov,3242240.15,714879437,1826,Branch J
Dael Fuge,6297779,dfugeii@dell.com,1908840.62,901111734,9141,Branch F
Nedi Dunbobbin,734165450,ndunbobbinij@webeden.co.uk,4996412.15,154075591,5683,Branch F
Sauncho Di Iorio,970480843,sdiik@intel.com,2654560.63,132901010,1469,Branch I
Harv Fominov,789418479,hfominovil@hubpages.com,3653137.31,898294611,946,Branch D
Neile Brazelton,288652473,nbrazeltonim@kickstarter.com,2535605.25,89531563,1479,Branch B
Romeo Schutze,501941300,rschutzein@studiopress.com,903389.47,487787653,3592,Branch H
Kathrine MacCaughen,415086724,kmaccaughenio@netvibes.com,2943134.15,226007677,3064,Branch H
Janaye Crosseland,461164429,jcrosselandip@nsw.gov.au,4002079.21,290998663,958,Branch G
Danny Garroch,571157163,dgarrochiq@wordpress.org,3981478.34,681753812,1460,Branch B
Aleta Yeeles,410582716,ayeelesir@miibeian.gov.cn,573964.14,537019236,1951,Branch A
Templeton Ephgrave,270668958,tephgraveis@prweb.com,10067.49,351310208,7780,Branch A
Orlando Habben,551913797,ohabbenit@nature.com,2511844.18,343848168,4326,Branch D
Hailee Laffoley-Lane,699041457,hlaffoleylaneiu@twitter.com,4561407.99,763931513,7136,Branch E
Viki Gerring,509235870,vgerringiv@usda.gov,361608.0,760766918,1994,Branch H
Karee Morrall,300401599,kmorralliw@dagondesign.com,4537440.37,177422704,8804,Branch H
Joline Roome,982056782,jroomeix@topsy.com,206845.44,224260829,3133,Branch A
Gwen Tocknell,394040710,gtocknelliy@desdev.cn,3109792.55,620193530,2261,Branch E
Gertrudis Waight,244518563,gwaightiz@timesonline.co.uk,3006912.68,278096526,2234,Branch G
Violetta Ellam,666065611,vellamj0@comsenz.com,299451.85,49901790,4917,Branch F
Page Counihan,286783515,pcounihanj1@shareasale.com,2763108.61,385885372,5471,Branch I
Napoleon Von Der Empten,150117550,nvonj2@purevolume.com,1668706.83,518084652,1175,Branch I
Lisa Holdforth,686980696,lholdforthj3@timesonline.co.uk,3113177.06,847176411,9987,Branch E
Gayelord MacCarlich,785120536,gmaccarlichj4@illinois.edu,2867151.74,769831226,681,Branch E
Clemmy de Copeman,64573312,cdej5@netvibes.com,4334618.22,238461545,1369,Branch D
Brandon Kochel,865228729,bkochelj6@unicef.org,1965887.54,121557912,5239,Branch B
Sterling Lilburne,133402762,slilburnej7@360.cn,3873947.45,943340752,2895,Branch I
Lotta Eastman,768629904,leastmanj8@harvard.edu,2217600.8,218851652,1452,Branch G
Felicity Monteaux,540646211,fmonteauxj9@indiatimes.com,4457206.28,296854561,9450,Branch G
Raynell Arthars,442591777,rartharsja@who.int,3833793.18,400048957,4078,Branch F
Jarib Gosneye,61737179,jgosneyejb@psu.edu,56367.35,781680807,6306,Branch G
Ida Hemphrey,82857817,ihemphreyjc@sakura.ne.jp,3455307.8,656706490,3165,Branch D
Neel Rannie,425221755,nranniejd@furl.net,4248906.52,245267990,8181,Branch G
Clementine Mcasparan,208270671,cmcasparanje@ocn.ne.jp,4306958.03,848838843,2610,Branch E
Radcliffe Kinchin,255357686,rkinchinjf@timesonline.co.uk,4832017.2,558073303,5092,Branch D
Milzie Pancoust,422903030,mpancoustjg@icq.com,586548.07,526749173,6243,Branch H
Beryle Budgey,424601682,bbudgeyjh@a8.net,839938.96,420396739,205,Branch H
Jordan Swafield,296496262,jswafieldji@trellian.com,4642043.77,596499455,6749,Branch H
Ellette Davidek,462642562,edavidekjj@istockphoto.com,4588056.05,519243262,3525,Branch J
Shanta Wrightham,675398263,swrighthamjk@ca.gov,2588.1,862688705,6295,Branch C
Kaye McNabb,216803588,kmcnabbjl@chron.com,3160024.96,780977422,6121,Branch A
Evan Fearnall,788964411,efearnalljm@google.com.au,1614141.04,232355258,6926,Branch J
Harwilll Dreamer,213285966,hdreamerjn@yellowpages.com,210314.57,636725242,3170,Branch B
Rodi Thewles,520124993,rthewlesjo@webeden.co.uk,2056409.17,162848030,4721,Branch G
Koo Witherup,279182514,kwitherupjp@patch.com,2202847.82,598194535,9789,Branch H
Edvard Rance,344776589,erancejq@blogtalkradio.com,776765.18,677359929,5137,Branch I
Adella Hendrick,871230230,ahendrickjr@furl.net,869251.31,347454915,9378,Branch B
Barnard Gebby,448603351,bgebbyjs@yolasite.com,3602457.37,66055614,6344,Branch C
Margi Yoakley,827758131,myoakleyjt@salon.com,4293170.89,246733978,5467,Branch E
Jackelyn Pepler,155066329,jpeplerju@ibm.com,3707345.77,431999916,5023,Branch G
Nev Paskin,365931775,npaskinjv@biglobe.ne.jp,2123928.55,644554582,6997,Branch A
Clark Fawcett,468942506,cfawcettjw@accuweather.com,610974.61,520825194,758,Branch J
Christabella Marushak,943095794,cmarushakjx@ow.ly,3415468.91,483326898,3481,Branch D
Brear Cheers,738897725,bcheersjy@flickr.com,4325013.81,584009856,4387,Branch D
Hilarius Jerg,759965964,hjergjz@google.cn,4741186.42,342760011,4089,Branch B
Carmina Baynom,250783529,cbaynomk0@sphinn.com,2423958.17,828554337,2747,Branch B
Nanci Annion,853208917,nannionk1@engadget.com,2636730.18,737532734,8976,Branch E
Vivie Bloggett,919901929,vbloggettk2@chronoengine.com,2160700.82,340999149,4608,Branch H
Caesar Wortley,120136808,cwortleyk3@drupal.org,3022267.76,573927273,9565,Branch I
Vaughan Kreber,842796937,vkreberk4@qq.com,4803099.61,410130801,905,Branch F
Kaela Villiers,176769885,kvilliersk5@biblegateway.com,836386.03,344636905,1691,Branch D
Emmet Hatchette,828365111,ehatchettek6@gov.uk,2898600.17,818959154,8805,Branch E
Clarie Martijn,25732818,cmartijnk7@bloomberg.com,4205878.13,57515581,180,Branch G
Sallyann Diplock,79875074,sdiplockk8@utexas.edu,4168202.47,663746443,3624,Branch D
Denny Whitford,161439682,dwhitfordk9@auda.org.au,1337597.2,195706738,9294,Branch F
Kath Bunner,907460423,kbunnerka@fastcompany.com,4505100.22,296033590,7486,Branch J
Alameda Schukraft,633754502,aschukraftkb@blinklist.com,4843662.25,914941720,1144,Branch A
Druci Cady,344151556,dcadykc@addtoany.com,3387442.8,642524105,3704,Branch F
Harrison Jerrams,236026631,hjerramskd@state.gov,1296845.35,650931622,9374,Branch F
Ursa Langeren,547500522,ulangerenke@wikipedia.org,4712729.34,416427356,3411,Branch H
Dudley Bowerbank,974445971,dbowerbankkf@xinhuanet.com,828603.21,37700284,4850,Branch B
Dasya Tomaskunas,530231086,dtomaskunaskg@wix.com,620680.11,784018247,1354,Branch A
North Pock,998153838,npockkh@weebly.com,3747819.26,30344558,4534,Branch H
Gunter Dunn,622582020,gdunnki@woothemes.com,2512298.75,978169012,2756,Branch C
Wye Ruthven,582940707,wruthvenkj@phpbb.com,3756868.57,320840236,9377,Branch J
Shelby Tompkinson,357581468,stompkinsonkk@elpais.com,408158.88,296328971,5498,Branch G
Jourdan Sprigg,940995471,jspriggkl@constantcontact.com,809764.89,265936368,2035,Branch E
Iris Ingray,641089509,iingraykm@unesco.org,3837275.59,627034351,3830,Branch B
Maxine Retallick,710595292,mretallickkn@bluehost.com,1230511.56,624428217,6550,Branch A
Hamlen Wibrow,80946337,hwibrowko@exblog.jp,76588.82,266096801,4207,Branch B
Matthus McCaughren,382901868,mmccaughrenkp@naver.com,2748149.28,204638903,3374,Branch J
Jill Francomb,629873093,jfrancombkq@seattletimes.com,1316456.95,530481269,5231,Branch I
Kliment Allsebrook,513165507,kallsebrookkr@bandcamp.com,2957272.79,666967280,5731,Branch C
Suzanna Bussetti,633398954,sbussettiks@apache.org,367739.46,327294049,2350,Branch F
Jourdain Delos,510137368,jdeloskt@cafepress.com,3950727.71,782315077,9546,Branch F
Leese Lygoe,366358733,llygoeku@studiopress.com,943599.37,88648447,894,Branch C
Daniele Buntine,315172212,dbuntinekv@stanford.edu,4782071.56,438223630,2706,Branch J
Annette Cattonnet,151454982,acattonnetkw@furl.net,2455456.14,296948204,9478,Branch A
Wilhelmine Nisard,166848820,wnisardkx@mayoclinic.com,2298495.32,238732696,2585,Branch D
Malynda Brunroth,378072158,mbrunrothky@hatena.ne.jp,2949254.69,143088246,5846,Branch B
Marleen Wheal,350692428,mwhealkz@hugedomains.com,899163.73,922501844,5227,Branch D
Bird Cobbing,323487498,bcobbingl0@wikia.com,3707897.46,440190251,8402,Branch F
Caterina Zanioletti,273735317,czaniolettil1@theatlantic.com,3766168.72,24084231,4934,Branch E
Candra Kintzel,983891386,ckintzell2@home.pl,2174715.82,872358385,6067,Branch B
Tiffanie Youtead,135455039,tyouteadl3@zimbio.com,1145370.0,98890722,9493,Branch E
Bar Sorel,487115233,bsorell4@dagondesign.com,289262.15,506050503,1552,Branch D
Emelen Tapscott,198319160,etapscottl5@wisc.edu,4132337.63,686768564,7460,Branch C
Heather Golds,193660672,hgoldsl6@qq.com,1376105.91,297307717,1388,Branch A
Lorilyn Linley,772827405,llinleyl7@imageshack.us,118121.17,422356985,5287,Branch H
Lorrie Stealy,566383892,lstealyl8@marketwatch.com,3784784.32,26542767,7025,Branch A
Genvieve Brenston,642354200,gbrenstonl9@networksolutions.com,1121922.44,508793183,9618,Branch G
Jaime Gillaspy,689807793,jgillaspyla@loc.gov,3858655.87,713718880,6854,Branch G
Skylar Lyal,837036086,slyallb@sourceforge.net,1662599.47,412218941,15,Branch E
Monte Euesden,241252348,meuesdenlc@china.com.cn,1464901.83,98645832,2963,Branch C
Boyce Bozier,810522148,bbozierld@etsy.com,3798840.99,638530297,7250,Branch G
Jean Heenan,91766522,jheenanle@seattletimes.com,1576041.71,338443365,6191,Branch B
Keriann Kneafsey,998831986,kkneafseylf@mac.com,2593199.77,154453941,6085,Branch E
Nanni Worgen,791238935,nworgenlg@ftc.gov,3400714.52,536925308,7146,Branch I
Gallard Mac,570007869,gmaclh@tinyurl.com,754216.33,351562785,4510,Branch J
Monroe Sabate,983129193,msabateli@aboutads.info,1072031.67,267049227,4130,Branch A
Adrianna Ludl,498580391,aludllj@hhs.gov,1113051.29,955090263,9894,Branch I
Colan Shellcross,411602281,cshellcrosslk@csmonitor.com,1307570.86,887392120,4575,Branch D
Margeaux Snawden,382536636,msnawdenll@vinaora.com,4064113.17,146491142,3534,Branch H
Gleda Terbeck,713866415,gterbecklm@usatoday.com,3123195.58,493437256,3792,Branch H
Annabel Walter,397602506,awalterln@clickbank.net,93076.28,66579862,1829,Branch J
Jeanna Eaglen,194071949,jeaglenlo@economist.com,2340366.67,410015330,1711,Branch D
Gilles Orsay,967975629,gorsaylp@cbslocal.com,3043066.13,34795263,5880,Branch H
Carolynn Schafer,211305383,cschaferlq@nationalgeographic.com,646045.58,56943881,4247,Branch E
Hannie Campany,284692072,hcampanylr@t.co,1882198.67,110398046,6593,Branch C
Marena Franceschi,46705806,mfranceschils@eventbrite.com,936846.16,28362132,5066,Branch J
Amabelle Rendle,637996142,arendlelt@economist.com,2981724.49,909710678,6820,Branch B
Jami Cheake,677300132,jcheakelu@shinystat.com,228693.64,260679115,4322,Branch B
Kristofer Aylin,557106320,kaylinlv@buzzfeed.com,4087662.58,385471498,1778,Branch I
Ave Snalham,555777620,asnalhamlw@moonfruit.com,1819323.51,337234579,7278,Branch B
Sascha Sproson,964688298,ssprosonlx@nature.com,810085.78,496721270,5680,Branch B
Kay Boij,554492430,kboijly@patch.com,4320783.36,68267573,3613,Branch H
Trescha Barracks,64803358,tbarrackslz@npr.org,2130503.62,984119888,8208,Branch H
Titos Du Hamel,100433182,tdum0@shareasale.com,2603330.13,886187234,7515,Branch A
Paddie Jorcke,67173998,pjorckem1@salon.com,948337.78,84676999,3930,Branch E
Sancho Bracey,121574776,sbraceym2@wisc.edu,3731725.97,622461890,8107,Branch E
Carly Steele,476469863,csteelem3@telegraph.co.uk,3060278.41,492944647,5665,Branch D
Wain Crombleholme,340761464,wcrombleholmem4@github.io,22152.2,599868297,5703,Branch I
Angel Cripin,381077537,acripinm5@mtv.com,3862480.29,596963572,6384,Branch H
Sherwynd McGonigal,521714178,smcgonigalm6@auda.org.au,2494587.23,758706401,3320,Branch H
Corbie Plante,411722311,cplantem7@hostgator.com,3160112.7,192247798,5559,Branch G
Elmore Mohamed,225400284,emohamedm8@redcross.org,4681705.48,222139430,8609,Branch F
Rene Idney,943258764,ridneym9@nature.com,3843766.55,401042097,1422,Branch H
Chlo Brunicke,67366799,cbrunickema@cnbc.com,4442139.87,227256270,6495,Branch F
Gae Castiglioni,225412504,gcastiglionimb@fc2.com,3744743.98,148659560,3613,Branch I
Lombard Tinman,434401928,ltinmanmc@rakuten.co.jp,583690.59,935105200,9561,Branch J
Trudy Coulthard,857294319,tcoulthardmd@twitpic.com,1572540.72,287654130,2838,Branch F
Rycca Bennallck,221570515,rbennallckme@devhub.com,2485516.55,591089400,6518,Branch I
Oralie Tommasi,345704569,otommasimf@google.es,4841368.54,536428058,82,Branch F
Raeann Vlasov,869524766,rvlasovmg@acquirethisname.com,4148970.08,772433019,9641,Branch G
Charlot Krauss,375853514,ckraussmh@tuttocitta.it,2345357.39,995566907,667,Branch B
Alfons Byfield,795843889,abyfieldmi@goo.ne.jp,971270.55,324434709,4542,Branch G
Rebecca Noke,213638321,rnokemj@msu.edu,4437314.13,185716276,8697,Branch I
Georgianna Noto,359351206,gnotomk@pcworld.com,4306130.4,56552057,9855,Branch I
Lanie Sinclaire,936870264,lsinclaireml@google.co.uk,2719570.31,169226080,9418,Branch I
Maxie Syde,359306071,msydemm@goo.gl,3812738.07,455377244,7656,Branch H
Ashia Hart,253037443,ahartmn@google.it,714293.52,620712116,9916,Branch D
Barret Lansdale,42019660,blansdalemo@homestead.com,3049709.5,12701099,4782,Branch F
Llewellyn Nanni,38078744,lnannimp@studiopress.com,640214.67,672620364,1159,Branch I
Carlyle Gabb,51043992,cgabbmq@army.mil,3046321.17,818973168,276,Branch B
Brock Shaw,296516089,bshawmr@bluehost.com,977642.37,255343576,9659,Branch F
Chrissy Brownsea,669987785,cbrownseams@wisc.edu,4006432.65,735096609,9691,Branch G
Tanny Hatherill,427914337,thatherillmt@multiply.com,4709673.37,624612871,8719,Branch C
Philippe Rowswell,217892718,prowswellmu@google.it,3474935.18,58863945,8456,Branch H
Verina Wade,592864758,vwademv@flickr.com,1547813.95,549495221,9456,Branch E
Torrance Coit,735170944,tcoitmw@elpais.com,4868657.37,217053275,1154,Branch A
Jonathon Mungin,54866075,jmunginmx@google.pl,1494276.48,889948160,6997,Branch D
Trudie Marquet,275049243,tmarquetmy@redcross.org,4729174.53,705401399,8886,Branch D
Quintana Hourihane,677609771,qhourihanemz@prlog.org,4852475.55,253815285,6608,Branch A
Reena Tithecott,637521110,rtithecottn0@meetup.com,3699627.89,976550844,8066,Branch E
Fawn Cremin,238341671,fcreminn1@bloglines.com,3130995.53,612902347,1611,Branch H
Pattin Keer,441566246,pkeern2@bbc.co.uk,3101157.56,999287040,1437,Branch D
Selig Siburn,372551877,ssiburnn3@eepurl.com,4128683.0,704921211,6484,Branch E
Seymour Gozney,654161208,sgozneyn4@army.mil,4793279.34,631984410,8957,Branch F
Lydon Venn,459831563,lvennn5@weather.com,1171712.41,330513315,7381,Branch C
Ronny Winspurr,909633751,rwinspurrn6@mozilla.com,835672.66,489560021,4432,Branch I
Jennee Libbis,671267212,jlibbisn7@google.com.au,118674.53,658673241,313,Branch D
Harris Wetton,312010195,hwettonn8@xinhuanet.com,551361.56,230391756,9060,Branch A
Kaitlyn Charnley,422593923,kcharnleyn9@webmd.com,625550.82,203807399,1687,Branch H
Lorenza Montez,21381654,lmontezna@nasa.gov,294695.64,720391257,7011,Branch E
Will St. Pierre,497193372,wstnb@ezinearticles.com,1452719.01,136461341,6489,Branch A
Othilia Union,669016403,ounionnc@un.org,2242042.5,111286047,6688,Branch D
Town Brower,301012169,tbrowernd@cbsnews.com,3381113.84,800831290,8874,Branch C
Freeland Illsley,624418080,fillsleyne@edublogs.org,151091.93,99453113,7923,Branch E
Helenelizabeth MacFayden,768040702,hmacfaydennf@list-manage.com,3154202.56,513936929,7637,Branch D
Rosaleen Cutriss,806775266,rcutrissng@mit.edu,4650285.67,615523966,4455,Branch D
Etan Cuttings,952617022,ecuttingsnh@wikimedia.org,2270406.96,93515728,1943,Branch B
Farra Klemps,836620196,fklempsni@mapy.cz,3522774.54,843590086,9301,Branch F
Stanford Dowding,538789314,sdowdingnj@washington.edu,3931760.96,14930486,8083,Branch B
Pepillo Pollicatt,57985695,ppollicattnk@a8.net,1037967.04,86088403,2961,Branch A
Aeriel Keeping,345149638,akeepingnl@ucsd.edu,4826125.43,722584340,3193,Branch G
Tibold Lethlay,485323857,tlethlaynm@yellowpages.com,2166913.85,95815089,5338,Branch C
Perice Llewelyn,781085475,pllewelynnn@cocolog-nifty.com,2178225.56,750708762,7414,Branch G
Sherwin Keeley,666164162,skeeleyno@ehow.com,1463803.55,947282000,9391,Branch A
Alix Chatwin,909975377,achatwinnp@sbwire.com,4359954.78,523484710,29,Branch C
Frasco Dashkovich,680815578,fdashkovichnq@geocities.com,470043.56,116493227,4500,Branch A
Edi Enochsson,676017121,eenochssonnr@delicious.com,534119.4,750041680,6813,Branch J
Janeva VanBrugh,314562400,jvanbrughns@phoca.cz,1688293.54,620236332,8766,Branch I
Johannes de Quincey,712061735,jdent@hao123.com,3912300.78,919933536,143,Branch E
Mill Birckmann,50717397,mbirckmannnu@marketwatch.com,1623887.05,299376219,4593,Branch J
Adelaide Dawkins,183911250,adawkinsnv@clickbank.net,3358149.7,97883320,148,Branch E
Duff Manchett,787020372,dmanchettnw@sciencedirect.com,210219.62,925331723,8410,Branch G
Hadrian Sidery,317155863,hsiderynx@comcast.net,795562.76,626747174,1843,Branch F
Lianne Crat,977372885,lcratny@skyrock.com,3274937.78,957407491,2080,Branch A
Margalo Becker,537227403,mbeckernz@adobe.com,4324122.98,496589397,3554,Branch D
Hertha Scoullar,222926026,hscoullaro0@discuz.net,1541598.1,783726383,9175,Branch F
Robers Emsden,512409612,remsdeno1@github.io,4245826.59,325646234,1145,Branch C
Lauren Maletratt,61126929,lmaletratto2@newyorker.com,3585525.07,42119205,3535,Branch E
Griffin Shinner,434379937,gshinnero3@whitehouse.gov,4720993.12,417241819,1288,Branch I
Audra Diviny,350853199,adivinyo4@opensource.org,1308454.22,187161722,1878,Branch F
Clarie Hungerford,931821631,chungerfordo5@biblegateway.com,257364.61,762626358,9910,Branch H
Alexandra Syers,15675862,asyerso6@istockphoto.com,834132.12,875050992,9964,Branch J
Sylas Lyons,293639862,slyonso7@bloomberg.com,430433.54,778058870,4174,Branch A
Addy Grady,345384467,agradyo8@nasa.gov,4567029.78,396510270,5669,Branch A
Linnie Whisby,844242470,lwhisbyo9@wisc.edu,2626588.77,485064846,5584,Branch E
Ario Masic,751971700,amasicoa@comcast.net,2355375.36,664510893,5503,Branch H
Eugenie Benedidick,808062830,ebenedidickob@gravatar.com,3607970.94,649253465,3210,Branch H
Antonella McDuffie,905854719,amcduffieoc@newsvine.com,1221672.65,5064470,2274,Branch A
Jarred Le Marchant,778317733,jleod@newsvine.com,4883058.31,933532928,165,Branch J
Osgood Radborn,26690699,oradbornoe@simplemachines.org,908164.83,684434408,5184,Branch H
Trudey Paramore,757507663,tparamoreof@imgur.com,314043.56,844147797,8284,Branch C
Elisabeth Schwander,472448034,eschwanderog@example.com,4019339.63,65571036,3257,Branch B
Ainsley Ouver,461497814,aouveroh@bloomberg.com,1527162.13,147078841,243,Branch F
Ricard Germaine,479040718,rgermaineoi@vimeo.com,2861482.12,523316533,78,Branch G
Darryl Bayman,271678297,dbaymanoj@techcrunch.com,628222.23,306497702,9608,Branch G
Trula Keyson,611538189,tkeysonok@gov.uk,4976820.63,123827907,6750,Branch D
Glynda Berka,977857780,gberkaol@cdbaby.com,3684554.64,764406350,6598,Branch C
Nessy Filkov,949509497,nfilkovom@amazon.de,1212302.72,265246767,4311,Branch H
Pascale Flude,505858741,pfludeon@mac.com,2571474.9,749707614,6302,Branch A
Stacee Hassin,129998822,shassinoo@ucla.edu,181811.75,462158434,5940,Branch B
Lanae Allbones,958498322,lallbonesop@skype.com,2796629.89,556981287,8825,Branch B
Carie Quelch,938183238,cquelchoq@utexas.edu,2190202.89,331399914,4590,Branch E
Casey Ducarne,779729214,cducarneor@irs.gov,4672666.23,319884120,7446,Branch G
Kay Sowrey,508454038,ksowreyos@psu.edu,2810645.35,746155721,5944,Branch B
Clarabelle Eastup,799333116,ceastupot@w3.org,1640995.49,33658355,7514,Branch D
Alexine Iltchev,820367971,ailtchevou@bloomberg.com,3703613.46,785306685,1969,Branch I
Sigismundo Brogioni,780768347,sbrogioniov@altervista.org,146137.0,615898930,7231,Branch C
Marilyn Clayton,641398631,mclaytonow@posterous.com,65531.85,388187329,5684,Branch H
Rutherford Robb,31647773,rrobbox@weebly.com,4752633.3,394347292,6185,Branch A
Elysee Warburton,757716323,ewarburtonoy@slideshare.net,4272558.26,108839029,1863,Branch E
Arvie Dewsbury,969883131,adewsburyoz@networksolutions.com,4845158.77,253729745,2925,Branch H
Isahella Honywill,528184259,ihonywillp0@addtoany.com,4055750.37,790333458,8721,Branch I
Carmel Perton,191817137,cpertonp1@mit.edu,2317087.95,926592952,6139,Branch D
Guenna Smeal,134275553,gsmealp2@gnu.org,216471.32,166342,8613,Branch A
Dori Chadney,786804352,dchadneyp3@multiply.com,1259945.18,676603825,3946,Branch H
Holly Domican,132443956,hdomicanp4@nsw.gov.au,4013440.67,908711670,7000,Branch B
Thorn Tedstone,469187251,ttedstonep5@nih.gov,4636272.6,96718360,6996,Branch A
Aidan Deguara,689673793,adeguarap6@skype.com,2508361.99,323783877,3889,Branch C
Cross Cutill,938559015,ccutillp7@is.gd,1761508.07,312606984,2425,Branch E
Vassily Stubbings,376592652,vstubbingsp8@dion.ne.jp,2950741.28,368895934,8164,Branch I
Ileane Birkbeck,177084894,ibirkbeckp9@wisc.edu,2818270.25,948257690,9345,Branch B
Annissa Le Estut,826749926,alepa@google.ru,3041703.76,84969063,2450,Branch B
Sheree Antonin,410547547,santoninpb@paginegialle.it,1804608.26,644830655,7852,Branch D
Idaline Baylis,695573258,ibaylispc@instagram.com,614720.67,747060628,1294,Branch I
Ricky Critten,193862087,rcrittenpd@aol.com,4151099.55,631145082,5108,Branch D
Nap Burle,816441163,nburlepe@ibm.com,1985835.2,273526499,3762,Branch C
Carolyne Nice,904701046,cnicepf@howstuffworks.com,2851274.59,437201969,7939,Branch H
Dallon Worcs,648937328,dworcspg@live.com,4076089.95,408545817,2076,Branch E
Abeu Grealey,384155588,agrealeyph@delicious.com,1123786.16,147307109,3947,Branch J
Fred Boniface,681309907,fbonifacepi@hao123.com,4654783.96,461778557,4323,Branch H
Tremaine Sanders,968593535,tsanderspj@friendfeed.com,2058339.9,122605110,4677,Branch G
Jacinda Posse,509338901,jpossepk@sciencedirect.com,4312559.24,336948498,4597,Branch I
Lacie Dottrell,336304350,ldottrellpl@4shared.com,1026007.27,24917044,6367,Branch E
Mathilde Buncom,419891022,mbuncompm@issuu.com,3642521.39,199009661,7109,Branch A
Nettie Virgoe,430133982,nvirgoepn@mysql.com,2100743.6,378541215,5604,Branch A
Cindi Boatwright,336749990,cboatwrightpo@utexas.edu,387036.12,921981402,7381,Branch G
Yanaton Wetwood,508616077,ywetwoodpp@nbcnews.com,2391024.77,537744285,6020,Branch B
Mattheus Benezeit,663308663,mbenezeitpq@yellowpages.com,193060.46,83773515,1368,Branch C
Latia Hargess,321526825,lhargesspr@hhs.gov,2265053.47,287284046,9439,Branch I
Chere Paddick,440964476,cpaddickps@hugedomains.com,2622849.66,542356941,2293,Branch F
Dalli Leser,772555470,dleserpt@usgs.gov,2714513.85,712653206,9679,Branch G
Kendricks Grishanin,304662995,kgrishaninpu@epa.gov,3215722.66,276419299,3550,Branch A
Josi Brigman,145447355,jbrigmanpv@mlb.com,4277697.4,484799394,3808,Branch B
Beverley Keningham,96016318,bkeninghampw@seesaa.net,1903526.49,572466555,7314,Branch F
Phillip Mixter,23007380,pmixterpx@cpanel.net,4930544.79,703254611,244,Branch A
Elsey Iveagh,719087108,eiveaghpy@wisc.edu,3198917.3,146956741,6830,Branch D
Patrick Blaase,947184963,pblaasepz@wikimedia.org,3073213.39,801596840,7930,Branch A
Steffane Janowski,13251093,sjanowskiq0@tuttocitta.it,1784083.55,872846203,4407,Branch F
Franky Duigan,582837604,fduiganq1@cocolog-nifty.com,2598117.48,485889086,1648,Branch F
Lennie Kivlin,317061834,lkivlinq2@cbsnews.com,4555231.1,254512868,7610,Branch C
Shayne Littleproud,680709853,slittleproudq3@ycombinator.com,1648168.59,771906409,6666,Branch I
Andrey Flamank,684416712,aflamankq4@naver.com,1233719.93,40433884,2386,Branch E
Rhett Broinlich,799393152,rbroinlichq5@amazon.com,4219746.36,73224275,9823,Branch G
Hollis Wybrow,870945741,hwybrowq6@weebly.com,2638302.21,287259887,4272,Branch A
Katya Shallow,245913866,kshallowq7@ameblo.jp,1076711.71,365955745,4071,Branch A
Eachelle Monte,188504511,emonteq8@rambler.ru,1726324.95,213762113,2979,Branch F
Raquel Maudson,519726046,rmaudsonq9@deviantart.com,4637091.71,582855519,4756,Branch G
Aggi Brigginshaw,951631482,abrigginshawqa@posterous.com,1065152.56,548747120,9458,Branch H
Camella Manser,163014476,cmanserqb@unc.edu,3130131.24,39865333,6830,Branch J
Ambrosio Stennings,723028581,astenningsqc@oracle.com,1899473.84,342477530,2118,Branch D
Bliss Hazael,863482754,bhazaelqd@gmpg.org,4140480.63,245842835,3893,Branch E
Alma Stoneman,91165492,astonemanqe@time.com,1650202.16,403148586,4731,Branch E
Merla Holbarrow,534835413,mholbarrowqf@weebly.com,4953772.2,665130722,2075,Branch A
Fannie Brundale,474968872,fbrundaleqg@disqus.com,4865121.16,601379018,2090,Branch F
Lorne Sykora,326146674,lsykoraqh@skype.com,3523385.1,573908310,8741,Branch D
Trever Tremblot,494222969,ttremblotqi@google.fr,2236605.69,119458823,5671,Branch F
Jehanna Skamell,710553786,jskamellqj@sitemeter.com,1174186.71,451082912,1975,Branch J
Cazzie Milsted,598553722,cmilstedqk@google.pl,670933.03,512417433,4284,Branch H
Devinne Threadgall,990215616,dthreadgallql@360.cn,1528200.81,914093394,4971,Branch I
Gerladina Rosengarten,221561749,grosengartenqm@ox.ac.uk,1696886.12,434600944,3078,Branch E
Lind Mauro,515124692,lmauroqn@berkeley.edu,291893.73,718567917,7084,Branch I
Margareta Cottham,860394131,mcotthamqo@slashdot.org,411386.66,651881732,9166,Branch E
Fayre Elcome,258954143,felcomeqp@whitehouse.gov,1630522.91,107507959,4535,Branch F
Dorry Lambal,941046689,dlambalqq@wikia.com,866822.12,807509826,7337,Branch J
Marven Downes,322924271,mdownesqr@statcounter.com,221021.08,392715279,7523,Branch G
Emmey Gillbey,777387892,egillbeyqs@ehow.com,1868978.18,703969508,2604,Branch G
Marlin Streetfield,676252704,mstreetfieldqt@skyrock.com,3053634.26,185639402,6774,Branch F
Alexei Acosta,320044066,aacostaqu@washingtonpost.com,580215.95,643097223,5003,Branch D
Orland Salt,540045361,osaltqv@unicef.org,2546443.39,613153584,8495,Branch B
Wanids Denman,673135357,wdenmanqw@paypal.com,1456599.05,761214688,6143,Branch H
Wendel Hilldrop,611903796,whilldropqx@nasa.gov,4671267.53,524741477,9147,Branch G
Alessandra Torn,471679663,atornqy@woothemes.com,599608.1,384100875,735,Branch A
Electra Naisey,450612245,enaiseyqz@dedecms.com,4547667.16,934927342,2855,Branch D
Irvin Peacock,472422501,ipeacockr0@skyrock.com,4580856.43,721581377,8357,Branch H
Howard Bankhurst,456054628,hbankhurstr1@springer.com,2100877.79,12980510,8562,Branch D
Carla Dumberrill,78294450,cdumberrillr2@yolasite.com,1417520.05,906631832,4840,Branch E
Merrie Dodell,141585898,mdodellr3@imageshack.us,3081017.39,790549837,7503,Branch H
Tonnie Daily,416126936,tdailyr4@home.pl,3725874.85,55761279,2087,Branch F
Biron Wilmut,415157199,bwilmutr5@unesco.org,740431.47,55878192,7181,Branch I
Shaun D'Aubney,419508729,sdaubneyr6@nsw.gov.au,4168253.83,966521248,3929,Branch I
Lucho Farndell,824220834,lfarndellr7@timesonline.co.uk,3642501.65,361321368,83,Branch D
Alicea Connett,26594138,aconnettr8@hc360.com,1347634.46,659203511,5916,Branch C
Shea Eliasson,447453120,seliassonr9@omniture.com,4677888.69,977112743,7309,Branch A
Mikel Muselli,111064384,mmusellira@gizmodo.com,1503886.02,765937354,4525,Branch B
Druci Ennion,860523405,dennionrb@chron.com,3341509.15,589916002,9711,Branch C
Leila Counihan,289895021,lcounihanrc@zimbio.com,342007.15,66367154,9836,Branch A
Warde Merill,185247904,wmerillrd@wikimedia.org,2359372.77,514988387,3224,Branch C
Raine Boxe,73895636,rboxere@rakuten.co.jp,1692776.49,135264508,2049,Branch F
Vernen Heinle,744977303,vheinlerf@facebook.com,1084172.53,772047385,8634,Branch G
Gail Miche,574992823,gmicherg@newyorker.com,2139017.58,949011262,1759,Branch J
Patti Triggs,860568218,ptriggsrh@auda.org.au,3101434.93,19219440,8471,Branch C
Eziechiele Boas,148116210,eboasri@psu.edu,3120846.83,419634568,5244,Branch C
Candice Scones,258026603,csconesrj@spotify.com,4193320.16,534060046,89,Branch H
Armstrong Thrustle,633754357,athrustlerk@prlog.org,4816165.53,721525267,8661,Branch F
Guthrie Tarry,53435050,gtarryrl@vk.com,596054.26,163903604,4182,Branch F
Gabrielle Darkott,920839795,gdarkottrm@printfriendly.com,3007273.2,266568620,9062,Branch D
Tristam Seamen,545511838,tseamenrn@latimes.com,483255.38,796834318,845,Branch B
Gusella Calbert,282946212,gcalbertro@loc.gov,776367.91,980172995,514,Branch C
Wileen Piddlesden,2206785,wpiddlesdenrp@geocities.com,279704.0,597752140,2974,Branch D
Agna Talby,713258764,atalbyrq@theglobeandmail.com,1319411.95,192478761,3219,Branch A
Maribeth Damrell,650502588,mdamrellrr@businessweek.com,1321099.03,685635444,8942,Branch I
